t,pelvis_z,tilt,ncon_feet,com_x,com_y,support_x,support_y,tau_norm,fade,upright
0.002,0.9268831602592275,0.0076984320620716385,7,2.474999495917144e-05,-0.023383081347772526,0.0003246248993320003,0.0020022822127934176,6.633005898158224e-20,1.0,True
0.022000000000000006,0.9349799859129073,0.007107939852462182,0,0.00010267093360689328,-0.023643161693439895,0.0011286725186591129,0.0015534083639390326,58.917014290224394,1.0,True
0.04200000000000002,0.9388521230419264,0.003566016022795546,0,0.00018023996553347704,-0.023903180243712338,0.0019492527925710768,0.0009697688581770201,58.562048832004265,1.0,True
0.06200000000000004,0.9385794154856161,0.003158157794629959,0,0.0002580575078418617,-0.02416311699566272,0.0028004270437892026,0.0008447179224865056,58.394915530210646,1.0,True
0.08200000000000006,0.9342592847641572,0.003907607475038634,1,0.0003359085606035391,-0.02442299785990098,0.003698464266797083,0.0009512793547303954,58.331762004765935,1.0,True
0.10200000000000008,0.9303562978721059,0.008948858416663982,4,0.00047782099620978215,-0.024710662949491372,0.005130483820641803,0.002219391261764507,22.59560667941335,1.0,True
0.1220000000000001,0.9305517862764479,0.0064672443095047955,4,0.0005780127394127183,-0.025213330964805086,0.005224420595843805,0.002080223473661833,15.623158688796039,1.0,True
0.1420000000000001,0.9305428156887479,0.004459608401149576,4,0.0006772741090435207,-0.02580583540078388,0.005286016747905978,0.002023760592774244,16.0784876973868,1.0,True
0.16200000000000012,0.9305092887797409,0.003894629384343751,4,0.0007762280085799786,-0.026515119344693368,0.005313136909154539,0.0019854884561287395,16.76540812173435,1.0,True
0.18200000000000013,0.9304259273530151,0.004071940212755238,4,0.0008826009711696644,-0.027346848495287415,0.005364245952683366,0.0019701128656611066,16.12874677644065,1.0,True
0.20200000000000015,0.9303677269229205,0.004625252881008226,4,0.0009871010945398703,-0.028295297176880074,0.005389426329840671,0.001945464367357222,15.375653342902272,1.0,True
0.22200000000000017,0.9302892836652793,0.006251252981279256,4,0.0010915824520999122,-0.029352505110122353,0.005370383561623303,0.0019364252642622894,15.871143757928385,1.0,True
0.2420000000000002,0.9301851652354389,0.008333641744364958,4,0.0011990381622486745,-0.030535941371144435,0.0053416554491130044,0.0019315980589693499,16.360889892044597,1.0,True
0.2620000000000002,0.930047308354415,0.010657007135285845,4,0.0013101889488513392,-0.031853622669750684,0.005307678120456516,0.0019288645838915104,16.857697596896447,1.0,True
0.2820000000000002,0.929866040263223,0.013126391039603835,4,0.001425369614583625,-0.03331210704843835,0.005270868249319487,0.0019271889060745121,17.399395763087227,1.0,True
0.3020000000000002,0.9296303373743171,0.01570028787088522,4,0.0015446796028743197,-0.034917324845877104,0.005231763153619874,0.0019257928815346811,18.03370495480959,1.0,True
0.32200000000000023,0.9293271855377959,0.01836046397383863,4,0.0016681418527081482,-0.03667458296028783,0.005189967334999712,0.0019240938514702537,18.81619905412199,1.0,True
0.34200000000000025,0.92894199468869,0.021119860661811183,4,0.0017957655928709736,-0.03858822713979738,0.005143794945307312,0.0019213095942462455,19.82758511930572,1.0,True
0.36200000000000027,0.9284534818298894,0.023945589053966074,4,0.001928124063030372,-0.04066122226574331,0.005096474514635747,0.0019183271523977377,21.077761841912192,1.0,True
0.3820000000000003,0.927847339285567,0.026949903593200628,4,0.0020649508436950143,-0.04289437088358619,0.005039280575672558,0.0019121792322202014,22.788029990002016,1.0,True
0.4020000000000003,0.9270930460625242,0.030017700427510705,4,0.002207796966591182,-0.04528530690268252,0.004981452506457318,0.0019054428178139626,24.82346923205145,1.0,True
0.4220000000000003,0.926165441589583,0.03280551636642494,4,0.002356379316515742,-0.04783615442921037,0.0049281038129642615,0.0018969959049182673,27.02776697199526,1.0,True
0.44200000000000034,0.9250519339596174,0.03569528745146695,4,0.00251041138210065,-0.05052995113066202,0.0048556653577346495,0.0018853101210900489,29.808505957862536,1.0,True
0.46200000000000035,0.9237269944659307,0.03836410204737697,4,0.002672594333257482,-0.05335560667383506,0.004783665990751945,0.0018716482809898807,32.90612241639392,1.0,True
0.4820000000000004,0.9221757685356613,0.040623163871208116,4,0.0028441947120515154,-0.05629803830114154,0.004715890518755789,0.0018562959842405372,36.324157494396914,1.0,True
0.5020000000000003,0.92039343206915,0.04227965279100517,4,0.0030262882267286673,-0.05933945441540353,0.0046545258796457725,0.0018390346965898932,40.025500457237676,1.0,True
0.5220000000000004,0.9183843466210284,0.04312831021095644,4,0.0032195446343061688,-0.06245958295095669,0.004601683465205508,0.0018204117910839215,43.991288815070526,1.0,True
0.5420000000000004,0.916164756078081,0.04294532493113994,4,0.003424398952305016,-0.06563762124465156,0.004559040105725401,0.0018009412256022941,48.22866184740924,1.0,True
0.5620000000000004,0.9135330239167319,0.019593826816671985,4,0.003641930222429845,-0.06886877922555579,0.0045428937946038125,0.001791411172793217,67.6428351830963,1.0,True
0.5820000000000004,0.9109473690677046,0.021182604502519645,4,0.003870947779573827,-0.07213256046676259,0.004600320196817845,0.0017557805242868832,67.69850485327581,1.0,True
0.6020000000000004,0.9086201530971859,0.04905503016444673,4,0.004107285728849269,-0.07529261423646574,0.004665200539914038,0.001729260969250003,71.41644417496752,1.0,True
0.6220000000000004,0.90628340566834,0.08416092741026085,2,0.0043497810249869375,-0.07837636185549399,0.0047573149053707076,0.0016522240816671946,98.41825577477665,1.0,True
0.6420000000000005,0.9027750239539447,0.15233241739109607,4,0.0046066638767587025,-0.08139219920424685,0.005086098903827364,0.0015683190912965106,105.57163628668837,1.0,True
0.6620000000000005,0.8993847286851513,0.21507711972960253,4,0.004867176899005973,-0.0842283154871414,0.005347853788390179,0.0015193447378025887,113.26598677640438,1.0,True
0.6820000000000005,0.8962284359580192,0.27179912481703916,5,0.00518107977851083,-0.08689529094520351,0.005253973600527213,0.0014050466438024142,119.93272103776823,1.0,True
0.7020000000000005,0.8932791064836597,0.3228185139855309,5,0.005567329888928882,-0.08936476258383505,0.00532144381857045,0.0014281321958909132,125.89963111667112,1.0,True
0.7220000000000005,0.8905963684909824,0.3690269738696889,5,0.00598194141454849,-0.0916622572524479,0.005560084408422976,0.0014229023943852642,130.2774975138871,1.0,True
0.7420000000000005,0.8881723094855366,0.4101542232211903,4,0.006395410504697866,-0.09383166830805703,0.005692138373648514,0.0013735715403291882,134.43899773840917,1.0,True
0.7620000000000006,0.8867676699805535,0.44800223938444783,2,0.006826478797532544,-0.09574034144215192,0.0060747646954810094,0.0009376941331430133,142.75851564791958,1.0,True
0.7820000000000006,0.8854848064892556,0.47876252892779025,2,0.007300481876914274,-0.09727072017506747,0.006732975866528712,0.0006554506106403735,147.49078089216275,1.0,True
0.8020000000000006,0.8845021158920139,0.503368411570861,4,0.007832023260622652,-0.09846878806125255,0.007894416427161412,0.00034978023110449064,144.30996130436208,1.0,True
0.8220000000000006,0.883887303937488,0.522214390495608,4,0.008417680525947628,-0.09936304492244762,0.009197980272365257,-2.1753272642921484e-06,150.66197032893533,1.0,True
0.8420000000000006,0.8834977627357111,0.5349644335232514,4,0.009013922721123151,-0.0999474487975157,0.010390546813279423,-0.00033635443770345386,148.44136228139078,1.0,True
0.8620000000000007,0.8831948732571263,0.5415311304715846,5,0.009665154303173098,-0.10023040253338203,0.011473151179583856,-0.0005183274674963462,140.73557270998816,1.0,True
0.8820000000000007,0.883186119999673,0.5431969920083805,4,0.010397793946141768,-0.10026474412875745,0.012841878464287082,-0.0007757516821804145,137.3643411052026,1.0,True
0.9020000000000007,0.8833129767966386,0.5398935495359019,5,0.011189308771200704,-0.1000427313610371,0.013839003957841087,-0.0009263103919935761,138.09354944724078,1.0,True
0.9220000000000007,0.8836139745842784,0.532296445775179,5,0.012054104235960249,-0.09962518340507079,0.014687262730612612,-0.0010047764061232312,134.34802082757645,1.0,True
0.9420000000000007,0.8839808670788057,0.5206877893351227,6,0.012966483063106618,-0.099060719470067,0.01515993354019847,-0.0009707864724183141,132.20761772754574,1.0,True
0.9620000000000007,0.8845117329448144,0.5061058275501812,5,0.013926461736338373,-0.09839327137687054,0.015312843573447595,-0.0009275946698092397,126.00623636199768,1.0,True
0.9820000000000008,0.8851702652479445,0.489119800975991,5,0.014959149973980157,-0.09764796399934592,0.015497886249161437,-0.0008933902670505284,125.53076137691015,1.0,True
1.0020000000000007,0.8858189617847912,0.46996766276087054,3,0.01606507316624514,-0.0968116401610523,0.015524831872617634,-0.000572920478143224,122.27509400061062,1.0,True
1.0220000000000007,0.8865277214885818,0.44923955138789984,5,0.017300882075510664,-0.09593653082990848,0.015965147219813,-0.00038910836833352946,118.38975969963762,1.0,True
1.0420000000000007,0.8873522374271016,0.42794267763572746,5,0.01862266176916402,-0.0950332034629523,0.016144851007830814,-0.0002672313036471835,114.91326511764233,1.0,True
1.0620000000000007,0.8881326415584,0.40596335182318555,3,0.02006586780620288,-0.09409711920145733,0.016354425225252954,1.4727624639998549e-05,111.94970353402081,1.0,True
1.0820000000000007,0.8892137382403389,0.3844226442445175,3,0.021656808121436198,-0.09316456435904004,0.01678941719449554,0.00011752858152717927,108.59462926330217,1.0,True
1.1020000000000008,0.8901363615234815,0.36286223951487756,3,0.02339672471836554,-0.09221764604602073,0.017329332355390567,0.0003540366637580922,106.1438633494093,1.0,True
1.1220000000000008,0.8909651229809878,0.3421009465761984,3,0.02532257658955925,-0.09127082191952919,0.018112784820643227,0.0006187791730091208,102.68424272856464,1.0,True
1.1420000000000008,0.8921871055242269,0.3236406653001779,3,0.027482423010154838,-0.0904419401846082,0.019999741707902828,0.0004992404218137764,98.23019255444017,1.0,True
1.1620000000000008,0.8933026575249441,0.30537833891254773,3,0.029761588382600082,-0.08962209613919525,0.02087828090628522,0.0004394304720275882,90.4830306257059,1.0,True
1.1820000000000008,0.8941859760737609,0.28828633806633164,4,0.03217971094991708,-0.08879662636987262,0.021214632718279114,0.0005999753172815092,95.65222891691968,1.0,True
1.2020000000000008,0.8948780040624525,0.27264606462365915,4,0.03480079118426351,-0.08797858282730688,0.02186870714968904,0.0007774199795498732,86.90207866224141,1.0,True
1.2220000000000009,0.8955682816439469,0.26022095158119146,4,0.0375148161513735,-0.08722397687669008,0.022075351180782896,0.0009838738777739608,83.78608645902688,1.0,True
1.2420000000000009,0.8965918471324281,0.25331756790541804,4,0.040176527034282615,-0.08664996582868237,0.02204092773748531,0.0007870376997725637,84.95847679744296,1.0,True
1.262000000000001,0.8974626401535438,0.2495011359662021,4,0.0427615956711602,-0.08617729774679392,0.02166941068378927,0.000549779502884068,89.02004606398269,1.0,True
1.282000000000001,0.8981290371289662,0.24776922244206342,3,0.04527204250377366,-0.08577776271204178,0.021257586458868716,0.0005780269042417463,97.55901700543754,1.0,True
1.302000000000001,0.898653321199573,0.24830840500286178,4,0.04774269842910877,-0.085445406348552,0.021107505992577685,0.000720251968302818,100.05989464257094,1.0,True
1.322000000000001,0.8990271650831132,0.25050200722885724,6,0.050177663800724984,-0.08519687154971063,0.021192495104146024,0.0007414643734960091,100.56004134696896,1.0,True
1.342000000000001,0.8993430054734516,0.2542524110550151,5,0.05257428260849181,-0.08504287959488566,0.02152058677304114,0.0006880096561383345,98.95960824208007,1.0,True
1.362000000000001,0.8995429010854066,0.25941640437317504,5,0.05487846990467335,-0.08495701302892522,0.021618762226571497,0.0007037210745373251,96.82727089522442,1.0,True
1.382000000000001,0.8996212081678183,0.26487232262522137,5,0.05714485150625757,-0.08495880709059465,0.022018182752857836,0.0005309210531243974,104.00223087305942,1.0,True
1.402000000000001,0.8996185895746976,0.2715359636870471,5,0.059314806608124035,-0.0850108596933797,0.022165469412722724,0.0005499980107429372,99.74578994418322,1.0,True
1.422000000000001,0.8995427114573251,0.2781120288369808,6,0.06143509950721673,-0.08514301862060447,0.022315638457364957,0.0002893160084329327,102.60329547437831,1.0,True
1.442000000000001,0.8993717371361276,0.2852676962167396,7,0.06342723505049375,-0.0853125323138491,0.02211482512295468,0.0004144195901317413,101.05127916232307,1.0,True
1.462000000000001,0.8991453906130658,0.2916656106582434,5,0.06533546776837659,-0.08555197176041364,0.02178550262580521,0.0006008003484477345,102.19148513125856,1.0,True
1.482000000000001,0.8990601938965674,0.2976349786142183,6,0.06716988362656169,-0.08582784978209221,0.021606431770190476,0.0004917243584700859,106.51227121735566,1.0,True
1.5020000000000011,0.8991604064406641,0.30184402120848064,7,0.06888219402498583,-0.08595382942811836,0.021457508689582114,0.00038617454795771,99.56468434905271,1.0,True
1.5220000000000011,0.8992920745730996,0.3036963060291842,7,0.07051220990356839,-0.08596602038320574,0.021367822655523616,0.00037797148404457304,101.08576895782446,1.0,True
1.5420000000000011,0.8994280206098129,0.3046147407220396,7,0.07204282882656299,-0.08593232924093296,0.02133033831533429,0.0003105088190299629,107.31576999367805,1.0,True
1.5620000000000012,0.8995711149755012,0.30504106943984055,6,0.07347260508962052,-0.08586768933187547,0.021134040084783506,0.0002720785795184838,98.86701800656967,1.0,True
1.5820000000000012,0.8997123373960287,0.3047914395339829,6,0.07476436270937582,-0.08578681255835481,0.020917113005034925,0.00019105063515444803,100.03077773689215,1.0,True
1.6020000000000012,0.8998397724114181,0.30430502050989894,6,0.07591888758446225,-0.0857001116940965,0.02070470297071858,0.00011797761095996145,103.30841803983486,1.0,True
1.6220000000000012,0.8999464719075491,0.30373686708694,6,0.07693876560422226,-0.08562136545213885,0.020511046689481297,5.0053835565770644e-05,103.41973487225991,1.0,True
1.6420000000000012,0.9000299875842428,0.30313598372168726,6,0.07782734787393458,-0.0855605185816374,0.020355873223661523,-1.4506916313467011e-05,99.49187843005961,1.0,True
1.6620000000000013,0.9000906053880432,0.3026162089932987,7,0.07858648638366825,-0.08552272099984903,0.0202303827714186,-7.359390783274328e-05,103.3278640412833,1.0,True
1.6820000000000013,0.9001285735316266,0.3022572630276042,6,0.07921612266731412,-0.08551133284144977,0.020138818392583212,-0.0001282626785743049,103.85247023579032,1.0,True
1.7020000000000013,0.9001440004244676,0.3018332973947979,6,0.07972363084554313,-0.08552588529651045,0.02006204992114561,-0.00017719710072168493,98.58623943445343,1.0,True
1.7220000000000013,0.9001423174514442,0.30156784689860117,5,0.08011045449616876,-0.08556369221051117,0.020001635271281057,-0.00021270591462109467,102.48294029577772,1.0,True
1.7420000000000013,0.9001224892960873,0.30121212562563326,6,0.08038150490278997,-0.08562459517347087,0.020019062924586578,-0.0002400214046763549,100.76312643031541,1.0,True
1.7620000000000013,0.9000869253044602,0.30092330764265146,6,0.08053480714605582,-0.08570461077245373,0.020059241605164882,-0.0002572148271045571,101.19243270895352,1.0,True
1.7820000000000014,0.9000371132676687,0.3006485921395484,6,0.08057136436923408,-0.08580107849651018,0.020109512516063743,-0.00026919608109290255,99.14087043680713,1.0,True
1.8020000000000014,0.8999758487081049,0.30039332089882653,6,0.08049481642333053,-0.08590822518361337,0.020129143134030955,-0.00026420277377570134,103.45387310968924,1.0,True
1.8220000000000014,0.8999028959851869,0.30003444542448887,5,0.08030968928607213,-0.08602344358062416,0.0201665863357951,-0.0002432335541209807,103.98241205425597,1.0,True
1.8420000000000014,0.8998197300706601,0.2995295590737881,6,0.08002020702114179,-0.08614315918433423,0.020220451177759058,-0.00020455090344920213,100.70791194252993,1.0,True
1.8620000000000014,0.8997271333700932,0.29900689689749704,6,0.07962462661911679,-0.08626622466406254,0.020304068466480557,-0.00015744991771459577,99.47022773850168,1.0,True
1.8820000000000014,0.8996252705282001,0.29845329977060575,6,0.07912396832094393,-0.0863897758972053,0.020382925886021794,-9.624229490355629e-05,103.69375296368631,1.0,True
1.9020000000000015,0.8995136728459424,0.2978543637081875,6,0.0785188273366772,-0.08651201648134124,0.020453777659175977,-2.3207965930811814e-05,103.22417324185602,1.0,True
1.9220000000000015,0.8993914033836922,0.2971754913458761,6,0.07781150494073226,-0.0866300553981916,0.020500021395759238,6.395739248536009e-05,103.90037125415888,1.0,True
1.9420000000000015,0.8992596421047313,0.29634432676444006,6,0.07700791712039187,-0.08674141601189095,0.02053365157198493,0.00016523959686961381,97.69446958424594,1.0,True
1.9620000000000015,0.8991214850493405,0.2956839991965898,7,0.07611611953214929,-0.08684501261149524,0.020622886413941527,0.0002720338833486838,103.09157953598618,1.0,True
1.9820000000000015,0.8989715213841435,0.29521615379202537,7,0.07514615118509256,-0.08694136253762685,0.020731941085166572,0.0004793185271294853,101.62645211149494,1.0,True
2.002000000000001,0.898813767854771,0.2949699136685327,5,0.07413307202229145,-0.08704105298518958,0.02107230613253369,0.000577783793604722,103.85401196345987,1.0,True
2.021999999999999,0.8986410102760292,0.29453870544241706,6,0.07304425112547556,-0.08712461504616646,0.021192970505365394,0.0007625369195568069,103.88903504618521,1.0,True
2.0419999999999967,0.8984633279564985,0.2938938147168664,6,0.07190016045782167,-0.08719557007589587,0.02133751015563297,0.0010031345511217482,104.79154393545917,1.0,True
2.0619999999999945,0.8982834571233512,0.2933501913649049,7,0.07069661645145234,-0.08725065059187749,0.02137817932141206,0.0012471933996155773,102.84258206359765,1.0,True
2.0819999999999923,0.8980901641841259,0.29271224758474285,5,0.06943534316575517,-0.08729206497307124,0.02117670165157417,0.0017495224724673256,103.7940970671045,1.0,True
2.10199999999999,0.897894339882674,0.29185809077454705,6,0.06816279754467709,-0.08732663644154545,0.02099254305979064,0.002147312409383338,105.88065576048861,1.0,True
2.121999999999988,0.8977146274981551,0.2914033609747776,7,0.0668871398997827,-0.08735184664926474,0.02082226001741433,0.002396271165185218,100.55473866675355,1.0,True
2.1419999999999857,0.8975202962619535,0.29050222684696625,5,0.06556621759921719,-0.08735441209763918,0.020580816140991887,0.0029919188353599857,102.78016178837697,1.0,True
2.1619999999999835,0.8973364425073956,0.28961517579180346,5,0.06426601845204227,-0.08736111130658211,0.020429375698336104,0.0032044454154177976,102.83194695764003,1.0,True
2.1819999999999813,0.8971324125566301,0.28896152223041116,4,0.0629210067269578,-0.08733765102738594,0.02032951044919222,0.0037802490388392923,104.21847232181044,1.0,True
2.201999999999979,0.8969377665112243,0.2883357701363609,6,0.06155447682875207,-0.08730792346805794,0.019941797358417425,0.004157870076730061,102.10444530107564,1.0,True
2.221999999999977,0.8967241591842346,0.2872262065538549,5,0.06018883317918564,-0.08726902493484111,0.01987928538175024,0.0047177892418910905,103.4238384662473,1.0,True
2.2419999999999747,0.8965332135575139,0.2863639171421466,3,0.05882416231741474,-0.08722458014697196,0.01984189336333126,0.005131977564269252,103.31625464891792,1.0,True
2.2619999999999725,0.8963304297679829,0.2856583589604029,3,0.05746498557907568,-0.08716793654002473,0.019939565247636515,0.005516539410653207,100.86511602651422,1.0,True
2.2819999999999703,0.8961305913841761,0.2849330947028637,3,0.056083287120054004,-0.08709240644935025,0.019883323218532978,0.005983952009744928,100.76663244251203,1.0,True
2.301999999999968,0.8959286286997843,0.2841677000628135,3,0.05468669075143817,-0.0870098683523938,0.019755645677738402,0.006439441982059396,101.46144401072067,1.0,True
2.321999999999966,0.895738326627167,0.28337526441561595,5,0.05330485524886525,-0.08693987710188478,0.019739798013590784,0.006589494350129635,101.79615262044037,1.0,True
2.3419999999999637,0.8955378624596176,0.2828609274875027,5,0.05189592275255287,-0.0868444492599035,0.01971153374033415,0.0070347288999635105,99.04537953071095,1.0,True
2.3619999999999615,0.8953371513829669,0.28231406326940983,4,0.05046446185207307,-0.08673966157656178,0.019563092829729123,0.007501178085521025,101.79567590540591,1.0,True
2.3819999999999593,0.8951512800454652,0.2815816376160785,3,0.04904397932303225,-0.08663655198633897,0.01964295566405709,0.00794478637683612,101.5951149554364,1.0,True
2.401999999999957,0.894946171651741,0.2811568350414057,3,0.04760196470734684,-0.08651819356242749,0.019609340504370264,0.00839723736302813,101.89420488357962,1.0,True
2.421999999999955,0.8947451589937238,0.28051654145487975,3,0.04615725919276642,-0.0864007411915018,0.019617060442414583,0.008733302452825123,102.35450467798123,1.0,True
2.4419999999999527,0.8945304425890911,0.28006703940305305,4,0.04469207004679974,-0.08626472987233481,0.019612769055465745,0.009162853918975117,103.4579627726481,1.0,True
2.4619999999999505,0.894332119429726,0.27996732257434465,4,0.0432083486705077,-0.08611897660453513,0.0193796778425865,0.009372878157982885,101.89804948087392,1.0,True
2.4819999999999482,0.8941244402176592,0.2794005037892959,3,0.04171406503312251,-0.08597019988454054,0.01952816165998801,0.009819048908614042,101.6582259557507,1.0,True
2.501999999999946,0.893900769008832,0.279296579094072,4,0.040200480113996184,-0.08581920401389483,0.019269052798291747,0.009896507103446785,101.98693464454315,1.0,True
2.521999999999944,0.8936862934477492,0.2787885863028835,3,0.03866937560705535,-0.08565190402246138,0.019436910101151332,0.010347937404590751,101.74550402482294,1.0,True
2.5419999999999416,0.8934516394689324,0.2786960507523647,3,0.037114782978664856,-0.08547532960062544,0.019242159634043382,0.01054710839725228,102.1584746963676,1.0,True
2.5619999999999394,0.8932216493145988,0.278623364790236,4,0.03554608213102168,-0.08529286096326301,0.019024004384079987,0.010716444370537183,99.0499973426257,1.0,True
2.5819999999999372,0.8929883609834243,0.2785694094094929,5,0.033964286596319976,-0.08509642573193085,0.018812858837439182,0.010890201481296526,98.68983291900398,1.0,True
2.601999999999935,0.8932300068600822,0.2820086130573973,3,0.0326697805878703,-0.08506446343152517,0.020787452660680064,0.01016239891739485,102.11771073596394,1.0,True
2.621999999999933,0.8935198640835714,0.28524477770021717,5,0.03170504299607659,-0.08509070672710915,0.023426726360100104,0.009423553068010848,102.48963712166919,1.0,True
2.6419999999999306,0.8935436582231883,0.28812411556772916,5,0.030867523551321496,-0.08509818679231045,0.024664294130274718,0.009316908836478309,102.33023374189347,1.0,True
2.6619999999999284,0.893557442603517,0.28980782245340125,3,0.030258089586370645,-0.08514582639362457,0.02537980262599568,0.009215403599700578,103.59132414364345,1.0,True
2.681999999999926,0.8935551502363245,0.29131915268678454,5,0.02989249697260257,-0.0852332706840989,0.02594525881612071,0.009175142120125102,103.01471223019897,1.0,True
2.701999999999924,0.8934486390159811,0.29273311994688583,3,0.02975005372795077,-0.08535085412894006,0.026261460975630826,0.009277481059706327,103.26749738287945,1.0,True
2.721999999999922,0.8933616469295711,0.2940373569677118,5,0.029855099710727067,-0.08551778651403329,0.026543330398148574,0.00926669772623144,100.45437588417028,1.0,True
2.7419999999999196,0.8931708364603117,0.2953511358281544,6,0.030183078870610086,-0.08570059011955301,0.02668478330516469,0.009458668754871884,103.24837808699635,1.0,True
2.7619999999999174,0.8929227462496587,0.29668253182903304,4,0.030718370668887815,-0.08591637643861517,0.026536974942223387,0.00971632718108148,103.79278935243298,1.0,True
2.781999999999915,0.8927010798274417,0.29785738085270824,6,0.031525674318466576,-0.08618967791215103,0.026655896860811316,0.009766695915535549,103.95572531054054,1.0,True
2.801999999999913,0.892471313025469,0.2991172444185571,4,0.032566188043989724,-0.08650728127216,0.026759685021159905,0.009826235984438686,104.62867148254219,1.0,True
2.821999999999911,0.8922016747995252,0.30043137583974916,4,0.033851372101677296,-0.08685916155887546,0.02686276917515055,0.00991606915729408,104.01901920520034,1.0,True
2.8419999999999086,0.8918090669710249,0.3019279508765437,4,0.03539463173761534,-0.0872271828132419,0.02751217396765141,0.010031926788668731,98.8389260570367,1.0,True
2.8619999999999064,0.8913452803154518,0.3033036385328482,5,0.037163059749342725,-0.08762826932659959,0.02791068761254368,0.01029790061853858,103.81299169760834,1.0,True
2.881999999999904,0.8910620483968135,0.305350868162045,3,0.03908118565224675,-0.08802479125246722,0.02813199626109269,0.010427930762220046,98.85845332610535,1.0,True
2.901999999999902,0.8909871654267242,0.3045316893212502,4,0.04091025308655673,-0.08825629691046216,0.0278926471621379,0.010613086387675864,109.41726545407606,1.0,True
2.9219999999999,0.891062642198855,0.3024650459131369,4,0.042640140681680934,-0.08830451649872571,0.027711760615164366,0.010993067004848749,105.57257952582982,1.0,True
2.9419999999998976,0.8911908319239311,0.30020748273379433,5,0.044323176764528974,-0.08820540133174203,0.027504298627108792,0.0111504833147709,110.05590682006097,1.0,True
2.9619999999998954,0.8913977216236256,0.29754595836691644,3,0.045963693793777204,-0.08803655328134767,0.02763314012251048,0.011631598133013364,102.9504027675805,1.0,True
2.981999999999893,0.8917295802864726,0.29671334145976097,3,0.04757117912300665,-0.08800041298277532,0.0272788420701583,0.011791956656134903,104.26771491953285,1.0,True
3.001999999999891,0.8920341926093078,0.29742986538746063,3,0.049156951915527346,-0.08799362636686568,0.027005245570458324,0.011932734726644002,105.37735390664322,1.0,True
3.0219999999998888,0.8922963883748147,0.29853799485694105,4,0.050714551188285856,-0.08797059006949468,0.026801205349082986,0.012036765699963516,106.37258954678609,1.0,True
3.0419999999998866,0.892550560440183,0.2998346820754232,4,0.05224552309569265,-0.08792613217424111,0.026687738817684638,0.012033441451906587,103.71166545089275,1.0,True
3.0619999999998844,0.8927757160612793,0.30062188106540566,5,0.05376542792176361,-0.08787677440041435,0.026884196797392068,0.012011328470015306,103.5296350911633,1.0,True
3.081999999999882,0.8929669051614867,0.3016428382256667,5,0.05525022677510032,-0.08780087449721444,0.027119141644671593,0.012122665373454702,103.76065572942856,1.0,True
3.10199999999988,0.8931623098493914,0.30254037794315186,4,0.05672505450496555,-0.08772506703921447,0.027445007724695776,0.012095644059205352,103.8329547284443,1.0,True
3.1219999999998778,0.8933180372899753,0.3036155572424923,5,0.05815026772082294,-0.0876256295952205,0.027766559905899643,0.012308685201669327,104.3603986678891,1.0,True
3.1419999999998756,0.8935213619332015,0.3051241751174368,4,0.05951964431537442,-0.08751492501010179,0.027746302793361252,0.012513640415270977,102.97551523832398,1.0,True
3.1619999999998734,0.8937138551034247,0.3066228560450253,4,0.060853508567466914,-0.08740579720101517,0.02767092388867195,0.012660090183554434,104.83421008953094,1.0,True
3.181999999999871,0.8938933444672114,0.308325173750977,6,0.06215230711054106,-0.08728955098627685,0.027527418317927273,0.012683354729617305,103.22071516783579,1.0,True
3.201999999999869,0.8940583842177358,0.3097574472452242,6,0.06340514588025246,-0.08716522891599959,0.027450915333704452,0.012852087064132808,104.70184587753751,1.0,True
3.2219999999998667,0.894230674396096,0.31150838554347876,6,0.06461419459996233,-0.08702438045359041,0.0273216235460029,0.012941090107144629,100.01776758835892,1.0,True
3.2419999999998645,0.8944007399213518,0.3129158228223824,5,0.06572255828073043,-0.08685512013788715,0.02668433841389941,0.013304788197790962,99.76589950642472,1.0,True
3.2619999999998623,0.8945541633416184,0.3139981044204653,6,0.06683136601181335,-0.08668975764340411,0.02681715231744712,0.013276421998573942,108.14253187036559,1.0,True
3.28199999999986,0.8947029337698342,0.31565481742673607,7,0.06785957177801706,-0.08650808305546007,0.026975912352930814,0.013351735352995116,107.90702384084298,1.0,True
3.301999999999858,0.894830678028738,0.31732398336163276,5,0.06877235631971268,-0.08630184547795373,0.026602303678397006,0.013577163972916396,99.88589254836266,1.0,True
3.3219999999998557,0.8949609539772567,0.31812163746671973,6,0.06961655663249708,-0.08608855483147577,0.026355643993397036,0.013577527342182094,105.23416903542136,1.0,True
3.3419999999998535,0.8950852726203881,0.3190077655576586,5,0.07037524747696944,-0.08585749578355924,0.026413081704959443,0.013528892358193718,107.38811967379236,1.0,True
3.3619999999998513,0.89519457608103,0.319861436194645,6,0.07102977945169558,-0.08560532759321912,0.026403165337824837,0.013492720946058155,106.31041798685288,1.0,True
3.381999999999849,0.8952954637479971,0.3211075719553357,5,0.0715877816675361,-0.0853409032252638,0.02650018239842658,0.013518042515239005,102.1691407441111,1.0,True
3.401999999999847,0.8953853718363435,0.3219406661583167,7,0.07206413383205366,-0.08506352683395349,0.026525791062760214,0.013412681925556912,107.48449220782423,1.0,True
3.4219999999998447,0.8954555445415165,0.3231314720002173,6,0.07244541365045848,-0.08477102251993072,0.026672991319365742,0.013559496819190234,111.06598872747641,1.0,True
3.4419999999998425,0.8955260176268872,0.32402404144831115,5,0.07275165838798503,-0.08446202002765285,0.026580658487854514,0.013659732862201901,101.77255235688104,1.0,True
3.4619999999998403,0.8955955644201463,0.3244868652056271,7,0.07295140834648395,-0.08413516212617096,0.026487992133001043,0.013693777839681953,104.79137114724452,1.0,True
3.481999999999838,0.8956580693747002,0.32525931939704406,7,0.0730670683234013,-0.08379864789593432,0.0265644584958709,0.013767778356467579,107.55955148174101,1.0,True
3.501999999999836,0.8956982701500432,0.32605065594572824,5,0.07310716995781258,-0.08344824265095094,0.02657792583915878,0.013910286247102381,103.28389655265579,1.0,True
3.5219999999998337,0.8957444379447481,0.3263975029269526,5,0.07305627410654633,-0.08308126852430434,0.026543243051850136,0.013977033716973272,108.21666822271702,1.0,True
3.5419999999998315,0.8957790920006691,0.3267369883335759,5,0.07291623169319825,-0.08269872525868358,0.026578016688446122,0.014019784496192317,102.52862867887862,1.0,True
3.5619999999998293,0.8958070827413672,0.3270600635453182,7,0.07267782639444927,-0.08230352482381449,0.026657346113847256,0.014066282500024369,109.70721249328636,1.0,True
3.581999999999827,0.8958291235276754,0.3279368156585633,7,0.07236933878697821,-0.08189609436022458,0.026708188651069435,0.014239064367175855,105.6342855959864,1.0,True
3.601999999999825,0.8958402381268403,0.3283983605320934,7,0.07199924578712912,-0.08148242478224352,0.026696829904364644,0.014330727442724567,108.96774571060364,1.0,True
3.6219999999998227,0.8958421633188963,0.32905515520924095,6,0.07155464090945532,-0.08105122770471176,0.02675299638666974,0.014688264120154455,109.9345685224506,1.0,True
3.6419999999998205,0.8958389062860735,0.32941017149571494,6,0.07106003398840526,-0.08061173592606498,0.026850380532987023,0.014908661586031359,110.32069754012748,1.0,True
3.6619999999998183,0.8958267901852954,0.32945864433009703,6,0.07050813569755598,-0.0801606651640155,0.026941259566787133,0.015063638932753656,103.68105369416492,1.0,True
3.681999999999816,0.8958077769327857,0.3297605813908444,7,0.0698593830222954,-0.07970149899393858,0.02698349189645853,0.01525738112137303,109.86214534320202,1.0,True
3.701999999999814,0.8957958554675769,0.32990552946451546,7,0.0691817737144219,-0.07923264812532047,0.02700106133840381,0.015397474477038382,104.5535364996873,1.0,True
3.7219999999998117,0.8957625259702897,0.33044895759866555,5,0.06840329022796769,-0.07873402439609228,0.02687808747974528,0.01590923374777157,112.36093849916111,1.0,True
3.7419999999998095,0.895743000870067,0.32984880639059816,6,0.0675635280823498,-0.07821755510171871,0.02637565542576189,0.016274699668406382,108.3697387171143,1.0,True
3.7619999999998073,0.8957094223089753,0.32973220831675065,6,0.06667738990692632,-0.07769716910765587,0.02648876067857206,0.016547942628991577,104.66598311599144,1.0,True
3.781999999999805,0.8956564991439115,0.3296923717547882,6,0.06575707817691843,-0.07717806624761735,0.026828510280318255,0.016688844058780586,110.39858426563494,1.0,True
3.801999999999803,0.895611645151132,0.3303010564530696,7,0.06473805408077289,-0.07663965594817433,0.026466949658427143,0.017019386142749435,108.57583272141153,1.0,True
3.8219999999998007,0.8955518361955627,0.330282253547738,4,0.06367736206330939,-0.07609583658276327,0.0261684555332949,0.017591928971832822,106.41978472882863,1.0,True
3.8419999999997985,0.8954994432200958,0.3301732650520304,6,0.06261287493931693,-0.07555272728003797,0.025883761619795317,0.017932821211586007,108.3472249812541,1.0,True
3.8619999999997963,0.8954265377684775,0.3298444853529546,5,0.061524742255271714,-0.07500611990483279,0.02576003558087689,0.018435287624814042,108.36556211307165,1.0,True
3.881999999999794,0.8953714755165556,0.32965049686584025,4,0.060428123220703116,-0.07446127903152774,0.0256630770375314,0.01887357750528816,109.69399622866717,1.0,True
3.901999999999792,0.8953064694891301,0.3295339692286946,3,0.059306832596945684,-0.07391385688864675,0.025487140134630493,0.019305696316370538,108.6823141353226,1.0,True
3.9219999999997897,0.8952343709325356,0.3293521967607878,5,0.05816465865444768,-0.07337289190250479,0.025237252416456357,0.019621275314514124,107.57340368976972,1.0,True
3.9419999999997875,0.8951458045794014,0.3287132959304224,5,0.05703109687069358,-0.07284770773677551,0.025408776774614145,0.01995537761921619,111.64768850291384,1.0,True
3.9619999999997852,0.8950695043004284,0.32867775633500274,3,0.0558543980528029,-0.07230379676774158,0.025364588318113626,0.020458827294850747,108.69618427588533,1.0,True
3.981999999999783,0.8949792352317751,0.3284368237806116,5,0.05466060949145602,-0.07176805760585168,0.025201717610021455,0.020810381312798734,108.34104336809277,1.0,True
4.001999999999781,0.8948863856773612,0.3281663323765762,5,0.05344100201114053,-0.071234364665419,0.025079787856613536,0.021263593964322064,107.11931861251472,1.0,True
4.021999999999779,0.8947901255637347,0.3278970405659142,5,0.0521967123774779,-0.0707104709791659,0.024907240169443345,0.021705677692847855,108.02599879512648,1.0,True
4.041999999999777,0.8947070915886386,0.32748889791139385,4,0.05097445226948226,-0.0702136668344502,0.02504491149958911,0.021946419372239137,108.31309871780375,1.0,True
4.061999999999775,0.8945886558816252,0.32745779421909543,5,0.04970487379998082,-0.0697064079144767,0.024978371318414808,0.022359845152763617,108.43493010446271,1.0,True
4.0819999999997725,0.8944736209230918,0.32727530878329597,5,0.048407726007194875,-0.06920209882537974,0.024854355283015384,0.022821917138564518,108.31078050929942,1.0,True
4.10199999999977,0.8943523806428978,0.32703668543602993,3,0.04709006763677541,-0.0686995541945243,0.02485082650636862,0.02340035245528556,107.50857228124549,1.0,True
4.121999999999768,0.8942263555132097,0.32671318860685594,3,0.04576228275264203,-0.06822262735546411,0.02481496834180137,0.0237065634829582,108.59636503119515,1.0,True
4.141999999999766,0.8940786276971254,0.3265442360051759,3,0.044406045365564764,-0.06774195842945761,0.02477035333743649,0.024128979843035504,109.4342367816959,1.0,True
4.161999999999764,0.893923188442184,0.3262071921699448,3,0.0430368113577517,-0.06727192885808145,0.024758623258115717,0.02448093992897854,110.32670367960358,1.0,True
4.1819999999997615,0.8937872436605199,0.32625443931077214,4,0.041644870859274784,-0.06680692572633963,0.024567744998206215,0.02464495505865668,108.70148653497935,1.0,True
4.201999999999759,0.8936163805279078,0.3260098613802274,3,0.04022653244454786,-0.06633178016274593,0.02469891502056501,0.02526915924620359,105.73182838770576,1.0,True
4.221999999999757,0.893411276490676,0.3256364955506655,4,0.038797276436993114,-0.06588268337326181,0.02464837833471989,0.0255035315485607,111.24884972492568,1.0,True
4.241999999999755,0.8932527731344838,0.3255954150606457,3,0.03733762988213071,-0.0654327842819362,0.024676735233377302,0.025827889098306377,106.18741313448729,1.0,True
4.261999999999753,0.8930520696514671,0.3255254612599846,3,0.035853230029295254,-0.0649889676591016,0.02446113506865174,0.026053203227556596,106.45030190428126,1.0,True
4.2819999999997505,0.8928481639935313,0.3254348832663474,3,0.03435462940818335,-0.06455391745956314,0.024248469719336932,0.026257080864067778,109.32005764523507,1.0,True
4.301999999999748,0.8926390637180894,0.3253739414133812,4,0.03284582239034501,-0.06412097760705661,0.02408667755596111,0.02644600093422881,106.21855992934304,1.0,True
4.321999999999746,0.892746775439597,0.32717307149841723,3,0.031435414405389134,-0.06378906615363475,0.024836367003362232,0.02603142864637413,101.70290409786878,1.0,True
4.341999999999744,0.893066333465374,0.32923934747280187,3,0.030369862552723437,-0.06354182800341819,0.026805443530187448,0.02516719795348432,109.47725364229478,1.0,True
4.361999999999742,0.8933794877150804,0.3300034324215801,3,0.029590264413313316,-0.06329859680161355,0.02865823298780211,0.02450789356628616,108.79446185962676,1.0,True
4.381999999999739,0.8936838171555365,0.3296727328322795,3,0.02899739426003207,-0.06304530331677978,0.0295358263855593,0.024287336238135664,108.69673956827182,1.0,True
4.401999999999737,0.8938943803047842,0.32819434707585043,4,0.028642448428547945,-0.06278457131517144,0.030057604450703705,0.024154261966512956,107.84115204698799,1.0,True
4.421999999999735,0.8940608683239829,0.3258820790077381,4,0.028519425498105298,-0.06252738609395288,0.03032530143425003,0.02403804749427635,106.90898538328811,1.0,True
4.441999999999733,0.8940658253702074,0.3230477646799544,4,0.02859372138443155,-0.06224256174707835,0.030186691027802248,0.02433083531020145,106.8922451461069,1.0,True
4.461999999999731,0.8940994446644882,0.3198555299704282,4,0.028943437739644653,-0.061984790742233634,0.03033361274246032,0.02440545864194473,106.10716028003642,1.0,True
4.481999999999728,0.8940968985217682,0.3166703180244163,4,0.02951731861778422,-0.06173285929212578,0.030349382200533945,0.024633014029356547,106.07256449776682,1.0,True
4.501999999999726,0.8940809381346103,0.31341753403753975,4,0.030351271618954078,-0.061501499409568915,0.030500407000986746,0.024796393166190228,105.06783079135955,1.0,True
4.521999999999724,0.8941061109196599,0.3101792448720776,5,0.03143034010590699,-0.06130451656943661,0.030660358823715136,0.024901502037540997,104.5890137326406,1.0,True
4.541999999999722,0.8943358509515972,0.3075843891340716,4,0.03273900435806053,-0.061174800359240986,0.030892618024332685,0.024913253225352316,103.58047938011812,1.0,True
4.56199999999972,0.8945061022233731,0.30457744877439213,6,0.03430813220976793,-0.06105859810932672,0.03132504567524199,0.024848920046527244,103.13985870294795,1.0,True
4.581999999999717,0.8945976063464456,0.3017028591860157,4,0.03610566797751594,-0.06094871874216634,0.03170452286243325,0.024892506952194922,103.25987468093444,1.0,True
4.601999999999715,0.8947187817780848,0.2993455753167256,6,0.038175661058454026,-0.06087756366215725,0.03249394174697167,0.024834854521151792,99.62162778190554,1.0,True
4.621999999999713,0.8947782101015511,0.2967645517107042,5,0.04045302663059239,-0.06081347522572209,0.032824651454160865,0.0249295231775851,94.37839882188936,1.0,True
4.641999999999711,0.8951161313351154,0.2961569039271911,4,0.04265399018444693,-0.06082067438527335,0.03237637326171981,0.025103674370323154,105.28567577947676,1.0,True
4.661999999999709,0.8954728381319402,0.2965137164892808,2,0.04470929542981152,-0.06085484153160381,0.031354263191477875,0.025453390066719435,101.45949640703165,1.0,True
4.681999999999706,0.8957423426898289,0.2974588323144591,2,0.046727867241921954,-0.06092360191728624,0.0308895065670794,0.02580010680507465,101.65886593927748,1.0,True
4.701999999999704,0.8959322650208308,0.2991245893792782,2,0.048712365468125074,-0.06102956820808194,0.030844727815921742,0.02600356239514349,102.04409962053364,1.0,True
4.721999999999702,0.8960511491988812,0.30135199705405197,2,0.05064930307462306,-0.06117448121427129,0.03104471950217562,0.026126091396515068,102.48093858732193,1.0,True
4.7419999999997,0.8961165372232233,0.30359105157249366,5,0.05256467856033974,-0.06137981197985007,0.03159559211650096,0.025999389078080616,101.18055671614248,1.0,True
4.761999999999698,0.8961404749315093,0.3066627709299992,3,0.05440024868054642,-0.06160164036568334,0.03204091907543439,0.026036574112525322,101.7904150173986,1.0,True
4.781999999999695,0.8961289579321253,0.30981776080925955,4,0.05616095815920546,-0.0618602297405965,0.03244335302389309,0.02614529103739128,106.27313856649309,1.0,True
4.801999999999693,0.8962922316164985,0.31295071448360967,3,0.05782016149584301,-0.062097076089817085,0.032599786226362476,0.02616845892900177,104.52044973973534,1.0,True
4.821999999999691,0.8964548662270253,0.31517342858418984,3,0.05939844563906701,-0.06227422834391426,0.03265591862481378,0.02622344584745606,103.658596294089,1.0,True
4.841999999999689,0.896609258713298,0.31665593857310764,5,0.06091344369247689,-0.062421890991161244,0.032723719397433654,0.02622099004291671,102.30076777292074,1.0,True
4.861999999999687,0.8967751597309067,0.31804730335676346,5,0.06234398900495965,-0.06254020281039653,0.032724295016153496,0.02636406573747961,105.58230183973235,1.0,True
4.881999999999684,0.8969420906855196,0.31948949917125463,4,0.06368543817603463,-0.06264009876274743,0.03251365918440256,0.026443006276422022,104.04565588373983,1.0,True
4.901999999999682,0.8970915116639329,0.3204637359958282,5,0.06495656979506664,-0.0627306347766799,0.03246297595449239,0.026508493714868728,105.48011008076416,1.0,True
4.92199999999968,0.8972302864892655,0.32146693163276324,6,0.06613522212713159,-0.06280283126012427,0.03227349898193032,0.026562148601910363,103.08794106464147,1.0,True
4.941999999999678,0.8973666299571305,0.3225108537626922,4,0.06721494877346801,-0.06286169904893646,0.03202724609325674,0.026738158679929062,104.23170717739009,1.0,True
4.961999999999676,0.8974769618464554,0.3232463415516287,5,0.06819907610975323,-0.0629192702295248,0.031710854804281874,0.026825151186534814,105.18702486138363,1.0,True
4.981999999999673,0.8975775831963668,0.3238388291028657,4,0.0690858779186183,-0.06297207952184418,0.03143828926562291,0.026925028243882917,105.69811599122636,1.0,True
5.001999999999671,0.8976591520294641,0.32455077189736925,4,0.06986244403624832,-0.06300605583663121,0.031129628256724218,0.02711943816644565,104.21801665788563,1.0,True
5.021999999999669,0.8977183919348548,0.3249402401145119,5,0.07055200647973572,-0.06303583847299907,0.031049936509161012,0.02720220428807136,104.19043976248298,1.0,True
5.041999999999667,0.8977615883168976,0.3255274872844349,5,0.07112806632971119,-0.06305874582804824,0.031110966132620835,0.027183124197654757,104.42578300388712,1.0,True
5.0619999999996645,0.8977864089717441,0.3259145429044469,5,0.0715722036471309,-0.06306597567998869,0.031167872397006358,0.02716779919696992,105.98387514430122,1.0,True
5.081999999999662,0.8977905832541158,0.3263088971868155,6,0.07188697735483335,-0.06306265927218196,0.031104308232543912,0.027165923488233504,104.2313401623254,1.0,True
5.10199999999966,0.8977826099637911,0.32677468458598946,6,0.07206958179874377,-0.0630403247753104,0.030845545171939014,0.02730414699190733,104.2968449046527,1.0,True
5.121999999999658,0.8977639475833853,0.3271245298551058,6,0.07214387734805612,-0.06300367496984051,0.030608748719896238,0.027438429050103345,104.4073083397605,1.0,True
5.141999999999656,0.897736967428971,0.32735612765842764,5,0.07211449363572882,-0.06294407770085503,0.03033272457057984,0.02768802193112726,105.17100083324375,1.0,True
5.1619999999996535,0.897690534085864,0.3268117649138051,5,0.07198554894983292,-0.06285815831079368,0.030178630963252885,0.027824198787280853,104.71839081424768,1.0,True
5.181999999999651,0.8976331967620235,0.32642057819558823,6,0.07173482202577239,-0.06275240545768644,0.030267029890903525,0.027824177196636594,104.2336010232353,1.0,True
5.201999999999649,0.8975652548578713,0.32665209200516154,5,0.07135780384059888,-0.06262263533215577,0.030289313044672486,0.027988694405115436,106.24428781116113,1.0,True
5.221999999999647,0.8974809918160908,0.3265988387643385,4,0.07088686972282746,-0.06247748245968785,0.03027719680272975,0.02814436050740146,104.83839024384217,1.0,True
5.241999999999645,0.897380710968711,0.3264509659188581,5,0.07030670777158698,-0.06231238288741094,0.030225452133019054,0.028337776427693015,106.3286351573762,1.0,True
5.2619999999996425,0.8972739556055421,0.32606042206626074,4,0.06965022299720275,-0.06212306725157541,0.030215583874226078,0.02855766071196969,104.63010279928514,1.0,True
5.28199999999964,0.8971453422873089,0.32552948389053327,6,0.06890284854110028,-0.06191409343980753,0.030232903426025554,0.02873418646355018,104.26192121950652,1.0,True
5.301999999999638,0.8970215139695534,0.3252309304552032,4,0.06806215204945418,-0.06167671878656404,0.03025371919321767,0.029081356610951403,104.35316855695508,1.0,True
5.321999999999636,0.8968782381721118,0.32487318194812936,5,0.06713042388803488,-0.061418806859871805,0.030087827947357218,0.029454513108136467,105.95347930147295,1.0,True
5.341999999999634,0.896731367543977,0.324255795467655,6,0.06612648476224471,-0.06114652833885712,0.02967823987051582,0.029838533775330175,103.83862515994217,1.0,True
5.3619999999996315,0.8965933338654739,0.32367798203841663,3,0.06508121515316938,-0.06085877919341458,0.02947836124000878,0.0303178634779063,104.89357817560871,1.0,True
5.381999999999629,0.8964345129199826,0.32291213318676915,4,0.06400008374168527,-0.06056129516783101,0.029392532714448708,0.03072140890662492,106.1907348656868,1.0,True
5.401999999999627,0.8962724097193937,0.32214625961702065,5,0.06287549772677087,-0.06024967578621784,0.029274342054991485,0.031100677886247395,103.38502695113712,1.0,True
5.421999999999625,0.8961131201682877,0.3214907856957299,3,0.061708359140616655,-0.059920658204177565,0.029251521707748813,0.0316274480599984,104.74748053608427,1.0,True
5.441999999999623,0.8959332147587147,0.3206056546434082,5,0.060498049321357016,-0.0595825603878877,0.029214629451676265,0.03210315494329893,106.10331792284947,1.0,True
5.4619999999996205,0.8957673261590738,0.31988391424400076,2,0.059248751356226176,-0.05923145438476778,0.029124554459881907,0.032589567488170317,104.12011977257748,1.0,True
5.481999999999618,0.8955725404375746,0.31887797053327255,4,0.05796446974849819,-0.058880985182941936,0.02899749858944109,0.03294982434587111,102.61567413646749,1.0,True
5.501999999999616,0.8953907310137278,0.31805521543672777,3,0.05663893121082837,-0.05851616067325859,0.02890830139156063,0.03346530420177268,105.96820815015566,1.0,True
5.521999999999614,0.8952157569852902,0.3172889653484384,3,0.05527911936409014,-0.05814389449846601,0.028762763147266522,0.03395453765577384,104.55053628166382,1.0,True
5.541999999999612,0.8950358213481812,0.31655587148917524,2,0.05388895179233449,-0.05776647554407262,0.0286269604555415,0.03442913494251688,103.97865967878393,1.0,True
5.5619999999996095,0.894827682773415,0.3157210650542568,3,0.05246278304851963,-0.05738592344660656,0.028508026738386663,0.034852248483593404,101.77630624908112,1.0,True
5.581999999999607,0.8946301124574194,0.31491635106055105,3,0.0510035738574617,-0.056998234637152416,0.02848510544564036,0.035405683971698514,107.59819511465145,1.0,True
5.601999999999605,0.8944356770548647,0.3141948055700963,3,0.049532719293245035,-0.05661514283503747,0.028533309769458698,0.03575458367980186,106.58093416363695,1.0,True
5.621999999999603,0.8942134579476478,0.31371144388151356,3,0.04800943493544141,-0.05621591311683302,0.028422474823304074,0.03622381401342114,106.4887839108726,1.0,True
5.641999999999601,0.8939895232494309,0.313121443876782,3,0.046448386144524206,-0.05580756083083115,0.028291220409936757,0.03671919775281281,106.66024466053247,1.0,True
5.6619999999995985,0.8937600481615562,0.3124573531148604,3,0.044861952101975126,-0.05539212309792858,0.02826363779128656,0.03722786932315848,107.26043941899913,1.0,True
5.681999999999596,0.8935212270764363,0.3119184561590123,4,0.04324274009025523,-0.05496798406470518,0.028122160196500483,0.03766299617870875,100.94358673226017,1.0,True
5.701999999999594,0.8933011293453226,0.3113951101145934,2,0.04161016572708849,-0.05454827752669584,0.028186211159918068,0.03806381634201533,103.98438535671625,1.0,True
5.721999999999592,0.8930382780918136,0.31083031727719956,3,0.03994537185391176,-0.05411057465154444,0.028298742412973962,0.03857953972753716,104.22077584571639,1.0,True
5.74199999999959,0.8927548020808992,0.3101834432933759,3,0.03824777910140759,-0.05366928847373119,0.028351771669839883,0.03905809164080961,105.83834575810182,1.0,True
5.7619999999995875,0.8924880214324203,0.30981284008421667,3,0.03651449592219523,-0.05321855312138662,0.028193832623947077,0.03941260899498162,104.07313523480877,1.0,True
5.781999999999585,0.8921962116704625,0.3090437348531914,3,0.034765557638972704,-0.05277714182678794,0.02837878927019838,0.03976717701732383,105.28769143477821,1.0,True
5.801999999999583,0.892052979609389,0.30965854758438316,4,0.03300473631836045,-0.05236419999815257,0.02855780547570718,0.03976878528001115,98.6233448676503,1.0,True
5.821999999999581,0.8923439856728529,0.3124544055099494,4,0.031597324287709845,-0.05216025688330763,0.030527780150188394,0.038716220213211104,106.85162248179083,1.0,True
5.841999999999579,0.8927371094766036,0.31476210635572693,5,0.030488671261406353,-0.052031201987056866,0.03238172089241388,0.03782812024709137,106.21252634300328,1.0,True
5.861999999999576,0.8929850208922673,0.31549297461197456,4,0.029590079536261613,-0.051898749040029925,0.03334854660467463,0.037607865812799846,106.24611015158223,1.0,True
5.881999999999574,0.8930007349169785,0.31485986262278,4,0.028926414642474578,-0.051767896652172365,0.03391460188655115,0.03774270051353928,106.3228166334053,1.0,True
5.901999999999572,0.8929678323797805,0.3136595040095766,4,0.028503052192630295,-0.051683380524867366,0.03418364590191367,0.037716716125024224,105.13040785056901,1.0,True
5.92199999999957,0.8928198350072118,0.31213065265487866,4,0.02830370196900345,-0.05162247886760729,0.03418181687600025,0.038077993141549527,105.53295628466505,1.0,True
5.941999999999568,0.8927240944011408,0.31045128665854793,4,0.02837510715499351,-0.0516372608794492,0.03432827098880875,0.03812775521787117,105.05203014912007,1.0,True
5.961999999999565,0.8925625582610399,0.3088478279986559,4,0.028676634582866494,-0.051683788081463476,0.034367213494823065,0.03841052048702096,105.09407933553908,1.0,True
5.981999999999563,0.8923608365609706,0.30707969605677043,4,0.029234240817787895,-0.05179428277507192,0.03448159202118309,0.03854931232795557,102.29539434517517,1.0,True
6.001999999999561,0.8920990924364738,0.30555599437428743,4,0.030051508688193614,-0.05195693590494166,0.03464040156222183,0.03882995529134997,104.31577624695183,1.0,True
6.021999999999559,0.8919131855051551,0.30388504359727986,4,0.03112254079239449,-0.05220416143922936,0.034741460466814776,0.038960702566979255,103.2573151258367,1.0,True
6.041999999999557,0.8919142358443163,0.30291361820099366,4,0.03243918276868682,-0.05255739759186506,0.03502720739324617,0.03899464342077418,103.21382656594926,1.0,True
6.061999999999554,0.8919010040663115,0.30148749604606156,6,0.0340147001598434,-0.05297855902945595,0.035464911414100075,0.03887168438123659,103.03061869194885,1.0,True
6.081999999999552,0.8917527455495694,0.3001383574524865,3,0.035815309441236426,-0.05343196304517871,0.03571821968206425,0.038923145465671306,103.35953702662047,1.0,True
6.10199999999955,0.891680652677978,0.29950615350008436,3,0.03786881848562212,-0.05397471925892497,0.03629242672035171,0.038829706427140946,103.0395696462455,1.0,True
6.121999999999548,0.891414884180456,0.29959962521236966,3,0.04007684648013782,-0.05454818897905081,0.036760587377873896,0.03904428730643818,95.03788435609823,1.0,True
6.141999999999546,0.8918380028708843,0.30079222386127463,4,0.04206842225675496,-0.055124582003696986,0.03608618342866103,0.039148625753533756,105.19478848530662,1.0,True
6.161999999999543,0.8921790160135056,0.30029593278478595,4,0.04396289721044126,-0.05562907208419247,0.03538933568725093,0.03927194459284601,103.3374715436192,1.0,True
6.181999999999541,0.8924590718398859,0.3001296123304644,4,0.0457815804059304,-0.0561018634167955,0.03487700796180434,0.039316010610862255,103.53885631560067,1.0,True
6.201999999999539,0.8926961004535184,0.3002526688072789,3,0.04752450205354077,-0.05654822539450984,0.034769232465066496,0.039339130613425796,103.74925358682252,1.0,True
6.221999999999537,0.8928958199870545,0.3007338897296968,4,0.04920114525423726,-0.056964545750819634,0.03486872561817759,0.03927068884727498,103.23068886502341,1.0,True
6.241999999999535,0.8930665810386275,0.3014052798524442,5,0.0507869875153379,-0.057357742935288225,0.034892758919303365,0.03907222582861511,102.93333958019822,1.0,True
6.261999999999532,0.8932111118237253,0.30194535627258634,3,0.05229543112988964,-0.057706077741906156,0.03525875369395259,0.039120662002792704,103.77512898694447,1.0,True
6.28199999999953,0.8933570581345398,0.3028186776648054,3,0.05370719732169149,-0.05801569729925902,0.035409100065958404,0.03916659426719871,104.59614170923399,1.0,True
6.301999999999528,0.8934956774903807,0.30359689770741244,5,0.05503479587980071,-0.05829804668992758,0.035434984087778114,0.039074448320703455,103.44752597058611,1.0,True
6.321999999999526,0.8936017151151928,0.3042604901559171,3,0.05625217106921067,-0.058535328341186105,0.035561932267237265,0.03921444385681214,105.52562680857596,1.0,True
6.341999999999524,0.8936916784206254,0.3048769168797398,4,0.05737128733768477,-0.058744414669580754,0.03547435897071136,0.039252949240139175,103.03031111998891,1.0,True
6.361999999999521,0.893790703991997,0.3056879031945449,4,0.058388574899558544,-0.058918990121330256,0.03523185006263774,0.03933132861902279,103.3148622262444,1.0,True
6.381999999999519,0.8938690876697989,0.30616637323162377,4,0.05931230895497421,-0.05906029763619379,0.03518769414835762,0.03959598502321222,105.1986607943965,1.0,True
6.401999999999517,0.89394739603616,0.30680307443346394,4,0.06012436570339086,-0.05917964931662129,0.03483700633010278,0.03978166826954504,105.75650796062148,1.0,True
6.421999999999515,0.8940234822230331,0.30766472417513596,5,0.06083158990395007,-0.05927767659310545,0.034405031917073996,0.03995735744673802,102.63093287612743,1.0,True
6.441999999999513,0.8940688509303614,0.30831812516472284,4,0.06143459642242709,-0.059348629604780205,0.034134405898712215,0.04024942726896485,102.08554045069808,1.0,True
6.46199999999951,0.8940973929325772,0.30914891633447905,5,0.06193688359797948,-0.059392778950739,0.03384087418310828,0.04046221317903501,105.30517572012847,1.0,True
6.481999999999508,0.8941062396713315,0.3095044364377119,5,0.06238066276709846,-0.05941562027172753,0.033978770865146425,0.04048313157579092,104.33794591644198,1.0,True
6.501999999999506,0.8940894967916833,0.31029390354281133,5,0.06269548210478224,-0.05939611961513394,0.03423447534032573,0.04049679441049686,102.00391392598907,1.0,True
6.521999999999504,0.8940530672733885,0.3110893756156803,5,0.06288380098746314,-0.05933432709243915,0.034469634520937834,0.0405530433025943,104.7522670530696,1.0,True
6.5419999999995015,0.8939977734999184,0.3115752564714135,5,0.06296242093325025,-0.05923590666987402,0.03468536391666542,0.0404431941916945,106.65885956522102,1.0,True
6.561999999999499,0.8939250205173261,0.3122229132572959,5,0.06290338984047553,-0.05908238347693081,0.03479561490015885,0.04056259452849509,105.4961589979461,1.0,True
6.581999999999497,0.8938323103769645,0.31260853934667965,5,0.06273027199168903,-0.0588807621210832,0.03500110339528227,0.04079330838387657,109.36853857777588,1.0,True
6.601999999999495,0.8937393100808552,0.31327337610796385,5,0.06243385215713141,-0.05862376010943228,0.03478125062198054,0.04117754392630242,105.22462167181007,1.0,True
6.621999999999493,0.8936378208637468,0.313735573993953,5,0.0620547407889177,-0.058325352738304144,0.03449624971594374,0.041614939591080084,106.07194500392205,1.0,True
6.6419999999994905,0.8935456661509449,0.3142168526353619,4,0.061610057076283656,-0.05799197755071324,0.03412855080562022,0.04199132624343544,105.78476529028262,1.0,True
6.661999999999488,0.8934333069009824,0.3144906831293162,4,0.06108762043249342,-0.057616924645696135,0.033881063390136974,0.042521543311552626,104.00356425726517,1.0,True
6.681999999999486,0.8933203529881585,0.3145745995973723,3,0.06051669472160519,-0.057220456627914154,0.03368847277929214,0.04289714129411798,109.35621757776245,1.0,True
6.701999999999484,0.8932160630056517,0.3149868579659115,4,0.05989303741059053,-0.05678922829936502,0.03347378542468828,0.0432592154771081,106.2293087154332,1.0,True
6.721999999999482,0.8930928967634215,0.3150817248168467,3,0.0592108572138275,-0.05632265357598724,0.03346341881826289,0.04379351157166519,107.06456243769243,1.0,True
6.7419999999994795,0.8929648129262282,0.315182105643011,3,0.05847521222672564,-0.0558305284451128,0.03335107066199036,0.044232920173589256,106.13558203220126,1.0,True
6.761999999999477,0.8928563139115122,0.3154801558732307,5,0.05769558967179096,-0.055314015979608715,0.03325127842509745,0.044622886259112184,104.8465769276416,1.0,True
6.781999999999475,0.8927215719335148,0.31561116531326244,3,0.056858564011176546,-0.054765571210537434,0.03331135740009951,0.04519971241309041,104.49164906647484,1.0,True
6.801999999999473,0.8925967056781078,0.3159429000687161,5,0.0559768737661771,-0.05420200732149419,0.03311081624709431,0.04554422327228382,104.608165442768,1.0,True
6.821999999999471,0.8924501429076975,0.31605771927936244,3,0.05503751200129112,-0.05360629561230079,0.0330514486437726,0.04609903340257919,108.49147906017149,1.0,True
6.8419999999994685,0.8923221793634735,0.3163608154596556,3,0.054054586803756355,-0.0529895988260573,0.03291334260077623,0.046598218022156246,107.80580358982134,1.0,True
6.861999999999466,0.8921900236830992,0.3167053705135839,3,0.053033885441883116,-0.052350044194497965,0.03279241170722187,0.04706635854599308,105.64154062463173,1.0,True
6.881999999999464,0.8920511558118468,0.31704595569043537,5,0.05198256934203831,-0.051691227190195754,0.03267285331560542,0.047416894780263175,105.00202278411801,1.0,True
6.901999999999462,0.8918874386533813,0.3171310229811976,3,0.050888502790232104,-0.051002064843124494,0.03277396810264628,0.04795871920195535,106.93262243663531,1.0,True
6.92199999999946,0.8917451072755787,0.31742536881066113,3,0.049763285115844005,-0.050287696273624276,0.03286460401709551,0.048460111368703075,108.50872077871787,1.0,True
6.9419999999994575,0.891597553468288,0.3177210670583426,3,0.048602414496965334,-0.04954731917102709,0.03293110934305353,0.04895490799268055,107.63431227027243,1.0,True
6.961999999999455,0.8914429772008524,0.31794605254986996,3,0.047410067290597595,-0.048786029648044925,0.0329831920958133,0.04944366888169582,107.84814944736398,1.0,True
6.981999999999453,0.8912880373204365,0.31812104763881377,3,0.04619129591945394,-0.04800343910748109,0.03308491283326674,0.04992728212803101,108.20242717636022,1.0,True
7.001999999999451,0.8911275774019426,0.31829334295155004,3,0.04494342315263908,-0.04719708925561051,0.03320053905296065,0.05042257960763421,108.19774281602753,1.0,True
7.021999999999449,0.8909638331166514,0.3184312221802354,3,0.04366773168351681,-0.04636992080177612,0.033343512779100005,0.05092008487582248,107.18532303533598,1.0,True
7.0419999999994465,0.8907859571060257,0.31852674091882527,3,0.04236337885339023,-0.045527728480400834,0.03344631481050031,0.05137003806693545,109.41778329248325,1.0,True
7.061999999999444,0.8906059992418117,0.31866173740993436,4,0.041030519566910624,-0.04466609147124183,0.033506320634156955,0.05179177935418092,110.05635300447113,1.0,True
7.081999999999442,0.890450315826761,0.31903251288984014,3,0.03966430236639248,-0.04378154995559078,0.0335121771727514,0.0522548503772048,105.610549672912,1.0,True
7.10199999999944,0.8903453829078651,0.3196973849517877,4,0.03829482298949645,-0.04291632914931068,0.033910830574219925,0.052518811453664875,102.34395126196623,1.0,True
7.121999999999438,0.8908157120252554,0.32386702321152044,4,0.037282820198352266,-0.04235260236556783,0.03621646128894605,0.050996596668930846,106.14000632740668,1.0,True
7.1419999999994355,0.8914668298059267,0.32758595400570967,4,0.036623357629316955,-0.041935397209668906,0.03850959541529258,0.049609064112744745,104.4397357443868,1.0,True
7.161999999999433,0.8919523639347795,0.3286949895132216,3,0.03620287530650674,-0.04152604024334439,0.03958396633154827,0.04916131156867763,107.1129649383443,1.0,True
7.181999999999431,0.8923492374147666,0.3279860748808532,5,0.036078629364947386,-0.041179908688645774,0.040460642747676794,0.048677459224269,104.3980940250351,1.0,True
7.201999999999429,0.8925914770642513,0.32657967350998557,3,0.03621450980647973,-0.04086965001048334,0.04098318371602415,0.0484736576516519,106.8101589033517,1.0,True
7.221999999999427,0.8926955187100639,0.32464224629054195,3,0.03663214092530376,-0.04060367823129811,0.041297938042847177,0.048441670727905055,105.30317968092656,1.0,True
7.2419999999994245,0.8927617534615628,0.3221511298137766,4,0.03734814310774233,-0.04041393548079851,0.0416339358801591,0.04836064219164656,98.52846310664822,1.0,True
7.261999999999422,0.8927116926070361,0.31964010099927975,3,0.03833952324970912,-0.040273330433898066,0.04176476014521877,0.048565731293354175,104.63261555623124,1.0,True
7.28199999999942,0.8927057156280176,0.3167553660511992,5,0.03966248176063579,-0.04023950878043754,0.04218582258119415,0.04850684534442154,104.20739724333211,1.0,True
7.301999999999418,0.8925010842045032,0.3144307687354457,3,0.04125867723543122,-0.04023347195061219,0.04275154197945611,0.04871286219967907,103.89471195169672,1.0,True
7.321999999999416,0.8922570633866543,0.31203991533202224,5,0.04317283963532548,-0.04032979767583755,0.043506821811068574,0.04866790644492361,103.44747559056555,1.0,True
7.341999999999413,0.891902879834271,0.3100942775037101,3,0.04537082414905283,-0.04048897246486382,0.04428219146655355,0.04882009994353043,103.42401299522875,1.0,True
7.361999999999411,0.8918374180201762,0.30907142387493647,3,0.04779731924705436,-0.04076168720656294,0.04512948523634153,0.04858552266013227,94.53877043363121,1.0,True
7.381999999999409,0.8923089734320514,0.30822332915654793,4,0.050031042047215056,-0.04099013073491258,0.04493674081213923,0.04859744059302703,104.28713616492414,1.0,True
7.401999999999407,0.8927457641836316,0.3074230123366855,5,0.05207137859651674,-0.0411964657734049,0.04422150348660914,0.04875346000115385,99.74670738401639,1.0,True
7.421999999999405,0.8931139886252624,0.30735707604333473,3,0.053978075449248056,-0.04140967582489765,0.04412172588723243,0.048862292328825455,104.99953559118669,1.0,True
7.441999999999402,0.8934227840536169,0.30827810834322783,3,0.05577164218621762,-0.04161144306163468,0.04402459984616981,0.04882007360164927,101.79109345784381,1.0,True
7.4619999999994,0.8936936895610904,0.3096458330006102,5,0.05743020043108363,-0.04178864341471569,0.043923501414461566,0.04868610116929536,103.47949989918813,1.0,True
7.481999999999398,0.8939166207996829,0.31085513426867795,3,0.05895811563906693,-0.04192902098124287,0.04408509686256092,0.048724641024544296,105.38908848537311,1.0,True
7.501999999999396,0.8940988238574121,0.3121819827364347,3,0.06036265816798464,-0.042044765761553325,0.04421017265711189,0.04863384001799326,108.74787822987473,1.0,True
7.521999999999394,0.894266047540069,0.31395667807729816,5,0.06163245187983787,-0.042123473305556124,0.04420921688010665,0.04852301286039999,105.44949803677437,1.0,True
7.541999999999391,0.8944216466519388,0.31557315798494434,4,0.0627456410118945,-0.04215665477217907,0.04415936042771436,0.04859001210453446,106.25146947326427,1.0,True
7.561999999999389,0.8945533082821239,0.317184514828747,4,0.06370513515485325,-0.042158495762757535,0.043880986910474026,0.04859072208867031,103.76181337058087,1.0,True
7.581999999999387,0.8946654855129562,0.3186304582650725,4,0.06451955476301435,-0.04211877193518868,0.04366776553434564,0.04861368790841356,106.2598019209715,1.0,True
7.601999999999385,0.8947491857638453,0.31995321965563644,4,0.06518964386093866,-0.04202660016602136,0.04349613161755395,0.0486815378327817,108.7828253329689,1.0,True
7.621999999999383,0.8948025663435668,0.3213385891657511,5,0.06570288674552233,-0.04187335986172547,0.04323852546208042,0.04888263277806193,109.20553265456904,1.0,True
7.64199999999938,0.8948297748722616,0.3224299589908097,4,0.06607777207482166,-0.04167722288952164,0.043023436378080246,0.049096501393744316,109.53605863520818,1.0,True
7.661999999999378,0.8948376998807878,0.32369968013251244,5,0.06632004654298831,-0.0414338685237849,0.04273413087923883,0.04928717125611188,107.03282433186402,1.0,True
7.681999999999376,0.8948122315239063,0.3246702708139802,5,0.06642105348236815,-0.041143871395132356,0.04252325147923798,0.04953732865354519,107.3197983774929,1.0,True
7.701999999999374,0.8947599577163119,0.32539066071066486,5,0.06639836533085552,-0.04081195474796752,0.042322804500702804,0.04976556137330721,107.98274318083556,1.0,True
7.721999999999372,0.894686693866514,0.3260394496095126,4,0.06625589112793817,-0.04042564687842268,0.04230338485760492,0.050139948444105256,108.35151076976588,1.0,True
7.741999999999369,0.8945859405031739,0.32662971690865966,4,0.06599913784599627,-0.03999873891300292,0.04213629063060041,0.0504044752889275,107.11206831270809,1.0,True
7.761999999999367,0.8944794574663316,0.32737914171780247,5,0.0656348794966014,-0.03952478653115889,0.04192336472615692,0.05067052714159525,108.22434041580424,1.0,True
7.781999999999365,0.8943422713712555,0.3277480936061689,3,0.06516876546431152,-0.03900110600376464,0.041916890987569067,0.05108304892030879,109.17590981566133,1.0,True
7.801999999999363,0.8941799723825122,0.32808996556026976,4,0.06461806350088031,-0.03843354093924215,0.041895176499781285,0.05140068077012738,109.46269145519454,1.0,True
7.821999999999361,0.8940222209501819,0.3286441596537052,3,0.06398139719731409,-0.03781431434363782,0.04180704624066853,0.05177721972191757,108.95857754367808,1.0,True
7.841999999999358,0.8938389601495587,0.32875689855468887,3,0.06328119597968848,-0.03714987349237939,0.042080219007099476,0.052280255964990224,110.07099130791471,1.0,True
7.861999999999356,0.8936533301308914,0.3292930342058883,3,0.06251634498242792,-0.03644271900367764,0.04211564686416497,0.05264736888781338,108.56529099031732,1.0,True
7.881999999999354,0.8934485939497261,0.32948344586265166,3,0.061683179654822846,-0.03569344426870452,0.04236602531438059,0.053184719972341296,108.66525547816371,1.0,True
7.901999999999352,0.8932516694852345,0.3299858040357781,3,0.060794125863870736,-0.03490614738087359,0.0424121580413086,0.053641007795570635,109.92631733236057,1.0,True
7.92199999999935,0.8930433189279696,0.33060242410528234,3,0.05985487164473726,-0.0340862004197185,0.042364336225058745,0.0540043668904956,109.61433639724926,1.0,True
7.941999999999347,0.8928132000741594,0.3309465730084834,3,0.05887324614720789,-0.033224780272846303,0.042590530416660166,0.05453038442748013,113.09288029244432,1.0,True
7.961999999999345,0.8925979749896955,0.33160699072943445,3,0.05785457609248686,-0.032322653007626156,0.042746839948692945,0.05505055168571917,110.10854212790794,1.0,True
7.981999999999343,0.8924848525102622,0.33320302219601367,4,0.056827868712221,-0.031422798950374885,0.04308264170049226,0.055294686910688,104.81045716042397,1.0,True
8.001999999999342,0.8932202802289668,0.33895281514767917,3,0.05623020433143499,-0.03090742118964773,0.04495297870490381,0.05352078408539322,111.39370033516248,1.0,True
8.021999999999348,0.894115608161645,0.3429979520469836,3,0.05608685024579812,-0.03053595028270743,0.04661670338042534,0.0521544125984353,111.14736665107856,1.0,True
8.041999999999355,0.8947220779245885,0.34364615069013293,3,0.05634550632955759,-0.030172389820118252,0.04811694206401433,0.051064175983794334,109.48885704223036,1.0,True
8.061999999999362,0.8951777733591242,0.34234012856327195,3,0.05697679173205762,-0.029844087330750432,0.04923514453992334,0.05035411753712095,109.34704441340268,1.0,True
8.081999999999368,0.8954664068273531,0.3403016585604291,3,0.05800191629424456,-0.029554389656118344,0.05027181837985254,0.04984456548748461,108.32613721718872,1.0,True
8.101999999999375,0.8956942889391344,0.3374636041500489,4,0.059442634347724004,-0.029352740189427694,0.05143489570379327,0.049260954022069516,106.36070590211978,1.0,True
8.121999999999382,0.8957205082215404,0.3341390236862346,5,0.06126434490890888,-0.02919987363071467,0.05237269020093833,0.049007734833608936,106.63951060232357,1.0,True
8.141999999999388,0.8955956065480692,0.33040602929093565,4,0.06350771358387043,-0.029130030229289804,0.05342616813471256,0.049028565805023176,106.35761874030256,1.0,True
8.161999999999395,0.8953307532598914,0.32717265771285536,3,0.06614402247238213,-0.029140064688627575,0.05443292732237571,0.048908180116212195,105.78126107693734,1.0,True
8.181999999999402,0.8949830651869118,0.32379829842269336,5,0.06919594954968607,-0.029260498819685225,0.05554791533041176,0.04863826972851833,105.19068452677564,1.0,True
8.201999999999408,0.894588340009539,0.32079333713292424,4,0.0726185920173028,-0.029468867282796546,0.056655732021314756,0.04850735978712059,98.19674712670053,1.0,True
8.221999999999415,0.8951437014479221,0.320987633041655,3,0.07593742282670007,-0.02983697999598447,0.057648399466384614,0.04760859272306384,103.55580339804438,1.0,True
8.241999999999422,0.8957568961216954,0.3220762262760498,5,0.07893376212072149,-0.03014020111870821,0.05746783461947763,0.047582525582353326,103.12816482857771,1.0,True
8.261999999999428,0.8962960058491504,0.32304305680336726,5,0.08165801715708844,-0.03050826086497568,0.05733018588712658,0.04717841214651166,107.35113006289268,1.0,True
8.281999999999435,0.8966986500091065,0.3260218710340181,7,0.08411955705191423,-0.030881133444030363,0.05728782444055012,0.046563176765588854,109.59447109770718,1.0,True
8.301999999999442,0.8970068435126319,0.32997205558086906,6,0.08631806816810207,-0.031213435244100127,0.05713075007131076,0.04609922496622942,110.34734009706283,1.0,True
8.321999999999449,0.8972624679521601,0.33391520520428,7,0.0882435198851065,-0.031479686203453636,0.05670880982696747,0.04576213256793187,111.32191955727697,1.0,True
8.341999999999455,0.8974706090643256,0.33725540641125235,5,0.08992108573593072,-0.031676332271031164,0.05625224697142529,0.045402841745940885,111.6511220423277,1.0,True
8.361999999999462,0.8976281074288766,0.3402868207121051,5,0.09135860804635354,-0.0318042205017222,0.055918448941594895,0.04491999613598796,109.97351562183704,1.0,True
8.381999999999469,0.8977484377651238,0.3434302708634538,7,0.09255587513743505,-0.03184295378285406,0.05541010484165718,0.04448323103486739,113.0045818735104,1.0,True
8.401999999999475,0.8978353158492184,0.3461312448982084,7,0.09351498145839243,-0.03180090354443673,0.05491637523371727,0.04395667538615071,114.9130811182406,1.0,True
8.421999999999482,0.897890529056865,0.3488392666597769,5,0.09423569441470571,-0.03164841331287602,0.05457340505652963,0.04347849806481232,111.82438428132978,1.0,True
8.441999999999489,0.8979361963188669,0.3507907427955289,4,0.09470355887006031,-0.03139149767504439,0.053965183030482256,0.043005172439353284,112.15944880432163,1.0,True
8.461999999999495,0.8979499378130446,0.35242204187868365,4,0.09491041723987068,-0.03101552785129205,0.053188031803123134,0.04258844785574474,113.76959160655299,1.0,True
8.481999999999502,0.8979427219407806,0.3533309601929456,5,0.09490611378387159,-0.030542304027720266,0.0526734270422972,0.042098920928364265,114.23057356938361,1.0,True
8.501999999999509,0.8979045260814602,0.3543825950786483,7,0.09470656860265882,-0.029951191910020485,0.0522179954184601,0.04167573725401699,115.03604173853348,1.0,True
8.521999999999515,0.8978384593616244,0.3546083132823301,4,0.09427053855456462,-0.029245766732434668,0.051762083981537255,0.04149850442583174,115.2167538209927,1.0,True
8.541999999999522,0.8977448842453345,0.35481203516847626,5,0.0936171115677577,-0.028434111235239864,0.05118521811911163,0.04138207410795606,115.30371684636353,1.0,True
8.561999999999529,0.8975976281715375,0.3548238631791338,5,0.09276317082157307,-0.0275001439536174,0.05070932608638557,0.041563574106486444,113.18004735759328,1.0,True
8.581999999999535,0.8974248742289647,0.3545580531919746,5,0.09169740278185454,-0.026451242227821456,0.05002598073714774,0.04200816490867865,115.75274985920842,1.0,True
8.601999999999542,0.8972133691384839,0.3540302381952471,5,0.09045187110086145,-0.025306209575520582,0.049436293170120604,0.04246535621959581,116.59853573215825,1.0,True
8.621999999999549,0.8969727539813627,0.3533560050611335,5,0.08906506057226016,-0.02408227758701352,0.04904306992066551,0.042763696392097296,115.85956513930734,1.0,True
8.641999999999555,0.8972869805770531,0.3566164623953832,3,0.08777320340828328,-0.022985290481491904,0.049676270738474027,0.042033610574226596,110.85726427310088,1.0,True
8.661999999999562,0.8980870401456196,0.36063362593924725,3,0.08714318171967098,-0.022090336990034196,0.05083431887336419,0.0408022467019262,116.84432103916366,1.0,True
8.681999999999569,0.8987385055644193,0.3599870912936035,3,0.08714155217360121,-0.02120063438501601,0.05193059660899139,0.03990264730916848,115.4020109283428,1.0,True
8.701999999999575,0.8991424279959503,0.3567124678590802,3,0.08772467976563707,-0.020290389067615128,0.05289793689921281,0.03926416102799307,114.05640076273316,1.0,True
8.721999999999582,0.8993796491745649,0.3517994254339878,5,0.08889708855904391,-0.019396197685360668,0.05377028749914796,0.038866813604974175,102.88642264346632,1.0,True
8.741999999999589,0.8994180107615417,0.3457541551131053,3,0.09064220874384976,-0.018526093567467053,0.05446106470555526,0.038855774522419596,110.21849937122737,1.0,True
8.761999999999595,0.8993663981063181,0.3382662829377344,3,0.09299895077918366,-0.01772034883306361,0.05544768275671694,0.038805438341636515,108.9035577997973,1.0,True
8.781999999999602,0.8996921175212199,0.3311682067214891,3,0.09578527086768596,-0.017063033755349163,0.056848864202499,0.037832541194748104,100.3648367355529,1.0,True
8.801999999999609,0.9005209803640382,0.3262250506117012,4,0.09827981706196967,-0.016394445778557087,0.05699354456237901,0.03741228281778215,107.44904386656088,1.0,True
8.821999999999615,0.9013489932943539,0.32321218662912893,4,0.10024996157001222,-0.01568975402735397,0.05561435948282359,0.03722698858404471,108.139408391911,1.0,True
8.841999999999622,0.9019611955043686,0.32159792368035467,4,0.10171188543094632,-0.014996170064451683,0.0532338322723655,0.03629575861560793,108.80843270205943,1.0,True
8.861999999999629,0.9023799376238363,0.3211010476306954,4,0.10262520871720761,-0.014426904315585317,0.05001608658768639,0.033325115773540394,109.60213372845348,1.0,True
8.881999999999636,0.9026146988942159,0.32187713120982303,4,0.10299213961484739,-0.013979432416527092,0.04606455068476874,0.02829314259105684,110.84962800561142,1.0,True
8.901999999999642,0.902674569105395,0.323419160448841,4,0.10281995497255039,-0.013637059621230047,0.04141629947295751,0.021336691080437925,112.51259273013623,1.0,True
8.921999999999649,0.9027342308680473,0.3255559320514226,4,0.10235703991198244,-0.01325289361651363,0.03818054503588482,0.01487802340665588,119.68002306390977,1.0,True
8.941999999999656,0.9027935240429882,0.327373288636887,4,0.10220796264518955,-0.012289754141468934,0.03795814275583802,0.014212130356090799,113.00661163881612,1.0,True
8.961999999999662,0.9029311828866097,0.3298345118271159,6,0.10242203949450532,-0.011117292683544819,0.03807068195325043,0.014130896404030362,111.86896474441717,1.0,True
8.981999999999669,0.9031350007569483,0.33154900165161744,6,0.10280095445664499,-0.009851872852708773,0.03818809800421308,0.014029868840672366,111.84459661125581,1.0,True
9.001999999999676,0.9033708632893109,0.33285900123173856,6,0.10319256187294477,-0.008488266707277127,0.03829248649797669,0.01393928584404034,112.03715137274553,1.0,True
9.021999999999682,0.9036241264386039,0.33392284709192627,6,0.10352071975292353,-0.007018738005157919,0.0383665012737775,0.013875831281857105,112.29104104752959,1.0,True
9.041999999999689,0.9038904070414391,0.3347965739533172,6,0.10376051324503249,-0.005436405256761028,0.038408933006049015,0.013841124649017381,112.53754173314586,1.0,True
9.061999999999696,0.9041713492547258,0.3354809232586118,6,0.10391307947679175,-0.0037342833974166718,0.0384246816797159,0.01383119245639599,112.74447590268221,1.0,True
9.081999999999702,0.9044709332221142,0.3359492312817481,6,0.10398983668255396,-0.0019056640897362612,0.038420005699040444,0.013840579251858331,112.90429486927742,1.0,True
9.101999999999709,0.9047934458862715,0.33617572631605286,6,0.10400391598409384,5.613276695197512e-05,0.03840017091976318,0.013864228250772704,113.00965787189158,1.0,True
9.121999999999716,0.9051413217036821,0.3361510558873075,6,0.10396751870423361,0.002157984832683181,0.03836840972133382,0.013899182523281484,113.06679715268262,1.0,True
9.141999999999722,0.9055138807013703,0.33589262322354524,6,0.10389176215810372,0.004405474735475521,0.03832815153396146,0.013942940120002774,112.94370016044695,1.0,True
9.161999999999729,0.905907563450592,0.33546909177559403,6,0.10378774051538917,0.006802880982020076,0.03827942993976979,0.013995329844959662,112.83712030706512,1.0,True
9.181999999999736,0.9063140509921321,0.33504431509497296,6,0.10366931484252215,0.009352069600058546,0.03821877001858978,0.014057208060374643,112.81801270926698,1.0,True
9.201999999999742,0.9067443357345847,0.3344167866923456,6,0.10355630710076594,0.012061812838817071,0.038153945573432366,0.014122919179081074,112.7228431892805,1.0,True
9.221999999999749,0.9071938152673473,0.3336926498583963,6,0.10345651392900167,0.014936172310183177,0.03808505189566086,0.01419161010181885,112.68486815465543,1.0,True
9.241999999999756,0.9076577733988025,0.3329576737718377,5,0.10337495716191132,0.017979429276263656,0.03801097572140086,0.01426247974875662,112.690725825267,1.0,True
9.261999999999762,0.9081292715758985,0.3321602294964608,5,0.10331351108403702,0.021197879214541023,0.03793328446941102,0.014331850622039873,112.65588056881961,1.0,True
9.281999999999769,0.9085937286429803,0.33085583270672675,5,0.10332544525508305,0.024602595692168987,0.037844313229090557,0.014389749103400053,112.64500297923004,1.0,True
9.301999999999776,0.9090795921176754,0.3289660502882947,3,0.10342797445140432,0.0282092315079727,0.03770584080704964,0.014497839148572295,112.429896630056,1.0,True
9.321999999999782,0.9095862756075956,0.32648054962225015,4,0.10362593626914635,0.03202496731445357,0.0375898509635052,0.014561754174114205,112.13507123535435,1.0,True
9.34199999999979,0.9101127286767968,0.3233401501988978,4,0.10390205279162673,0.03606965484526957,0.03737888827506561,0.014682462309178836,111.32893040945494,1.0,True
9.361999999999796,0.9106602151323977,0.31972564011470067,4,0.104263673600374,0.04035333743333762,0.037224434587126695,0.014807534983125922,111.16034732638809,1.0,True
9.381999999999802,0.9112216286981123,0.31558530202346646,3,0.10471184929600962,0.04488800151236844,0.037113606161938595,0.014867378896255654,109.0155028265529,1.0,True
9.40199999999981,0.9117968749028663,0.31067524365710325,3,0.1052269783121106,0.04969117542811952,0.036927133420704264,0.014977052846409645,109.8869692919551,1.0,True
9.421999999999816,0.912376990794756,0.30518210220820396,3,0.10582633266041302,0.05477893798573636,0.036788121217749645,0.015051054718344448,107.95917235731834,1.0,True
9.441999999999823,0.9129663375506885,0.29902029406775993,3,0.1065051073473405,0.06018132949595668,0.03659363829368492,0.015254309672484423,108.21346937117849,1.0,True
9.46199999999983,0.9135387876538,0.29220761176475246,3,0.10729875398588333,0.06591904541406954,0.036468612388874944,0.015485144681244394,106.22247253355867,1.0,True
9.481999999999836,0.9140883844680835,0.28442747427948323,3,0.10821356060081509,0.07202141188773767,0.03621119799818065,0.01587574616200586,105.06563159555888,1.0,True
9.501999999999843,0.914617515655247,0.27587863681457947,3,0.10927606432741645,0.07850414597787501,0.03604152619003907,0.016305373534273946,103.64463794117053,1.0,True
9.52199999999985,0.9151198317402545,0.266499001408503,3,0.11050501062511205,0.08538973167651934,0.03598237840107599,0.016777343820545326,103.24283235536917,1.0,True
9.541999999999856,0.9155527010147079,0.25607053853861184,3,0.11190756039097688,0.09270682696566378,0.03579186422047517,0.01735926999225554,100.78710923095296,1.0,True
9.561999999999863,0.9159398152380795,0.24498573895727238,3,0.11349737259589235,0.10047300430665523,0.03573793361801472,0.017980070856036055,99.20133789971042,1.0,True
9.58199999999987,0.91622983816841,0.23319722805123064,3,0.11528669682666699,0.10871560922219886,0.03571081113105247,0.018667305581235267,97.55825195439522,1.0,True
9.601999999999876,0.9164638386118988,0.22126697622392694,3,0.11725110465138953,0.11745580317326972,0.03583712733937669,0.019398595577314454,95.86223134405564,1.0,True
9.621999999999883,0.9166030072890667,0.20956348613563866,3,0.11934599450039995,0.12671801895367377,0.036067034449668633,0.02016659733499419,94.35483940405095,1.0,True
9.64199999999989,0.9165953355202647,0.19851338713449138,3,0.12152417542901535,0.13652881730181796,0.03635029210155949,0.020967793078457662,93.17343064739238,1.0,True
9.661999999999896,0.9163864148464006,0.18859705569486038,3,0.12373882130348275,0.1469176414610205,0.036642767280295335,0.021802085198534243,92.41012320268717,1.0,True
9.681999999999903,0.9159187671724733,0.1803022464145901,3,0.12594541849395027,0.15791756831031856,0.036904425921323175,0.02266976276149346,92.15471812933978,1.0,True
9.70199999999991,0.9151328533262477,0.174048953998781,3,0.1281037685676733,0.16956664065184382,0.03710137678026243,0.023572489869788847,92.44845460417802,1.0,True
9.721999999999916,0.9139646611603164,0.17006150439095466,3,0.1301798717533335,0.18190904117606035,0.03720617947176444,0.024513266525957852,93.32028925249679,1.0,True
9.741999999999923,0.9123396228453511,0.1683120210616464,3,0.13214680699192344,0.19499577114242922,0.037195992622061316,0.025496033911426234,94.78141368983279,1.0,True
9.76199999999993,0.910166122410373,0.16855281646489298,3,0.1339854236203692,0.20888491729899913,0.03705414236534446,0.02652737612894587,96.84002904721176,1.0,True
9.781999999999936,0.9073213212071369,0.17029453847557663,3,0.13568572019145617,0.22363633728220378,0.03674703879893963,0.027556518490811466,99.51229364132068,1.0,True
9.801999999999943,0.9036604191377294,0.1729911007546396,3,0.13726850559164308,0.23930275077650706,0.03646469980389473,0.028575950268819927,103.4387267154388,1.0,True
9.82199999999995,0.8989957700424781,0.17459998107979469,2,0.13876999518177996,0.2559156172492127,0.0363754916972589,0.029321805012454835,102.65587618528659,1.0,True
9.841999999999956,0.8931970485936525,0.1729766856397837,2,0.14023335041472837,0.2734930382142162,0.036808725278636434,0.02962800961344933,104.13743702862332,1.0,True
9.861999999999963,0.8862130728850461,0.17025706757568282,2,0.1416850304353438,0.29216060141001926,0.03796951860754416,0.030232231037239453,103.27260242655255,1.0,True
9.88199999999997,0.8778144157007536,0.16609863186929383,2,0.1431328016212633,0.3120033693693442,0.03979249370687163,0.03133898666134846,100.43968167318269,1.0,True
9.901999999999976,0.8675655523152669,0.1600255121390476,1,0.14461168627964377,0.33297361347511456,0.04259326716613189,0.03261856730103592,103.63738362042935,1.0,True
9.921999999999983,0.8548049956085912,0.15580818841533237,1,0.1460813685697867,0.35482484793185015,0.04610985657500853,0.03254490240282906,99.12257260062529,1.0,True
9.94199999999999,0.8400052785223999,0.13784161763924954,1,0.1473300795174426,0.3776243257973573,0.04989772695579592,0.03158062171076889,92.35796488479058,1.0,True
9.961999999999996,0.8225712876119953,0.13153354342760581,1,0.14861480153421028,0.40118348014660626,0.05456283636184828,0.031749266059016595,84.70266603842167,1.0,True
9.982000000000003,0.8022117951226637,0.12404665605599621,1,0.14994210063232843,0.42540544940809044,0.0601228480402435,0.03257907134761065,78.63715200894102,1.0,True
10.00200000000001,0.7783735476014354,0.12157913259751313,0,0.15126682048029771,0.4497930928169931,0.06474306136206831,0.03352390450794178,86.00565421504992,1.0,True
10.022000000000016,0.7509552649671823,0.13028820867820823,0,0.15257285978134713,0.474138851273246,0.06817632911709717,0.03554504518636971,86.07561037865071,1.0,True
10.042000000000023,0.7204433191337459,0.13668792827410225,0,0.15390514910672987,0.4985155580940403,0.07178467616439824,0.038411076511067455,83.27728341181464,1.0,True
10.06200000000003,0.6868754714533578,0.14325669717394146,0,0.15539312503104388,0.5229198905826755,0.07715097854194998,0.04262889249026991,77.9348341805516,1.0,False
10.082000000000036,0.6502436268982699,0.15637081470244782,0,0.15708955991117315,0.5473891925401053,0.08401910063302323,0.04832444784190171,72.815885185962,1.0,False
10.102000000000043,0.610696859644678,0.17626937482392963,1,0.15884185547990393,0.5719462139361684,0.09024927239565944,0.05513545158592001,78.08948782927433,1.0,False
10.12200000000005,0.5687575012951243,0.18987759791648715,1,0.16069447153764685,0.5968732575437232,0.0956183493806462,0.0637939265402116,86.85315867276535,1.0,False
10.142000000000056,0.5242136453449248,0.2021396428977144,1,0.16269004210168964,0.6219350534087624,0.10077803941662435,0.07404993901697984,92.68713267105325,1.0,False
10.162000000000063,0.476341280364487,0.2058094715580623,2,0.16469975118686228,0.6469082962922614,0.10476637446876777,0.08449723334505044,109.14829440839908,1.0,False
10.18200000000007,0.42437058509296255,0.2037670013048573,1,0.1666641223893046,0.6717813466597469,0.10616284423806148,0.09115746619617379,122.1632230629542,1.0,False
10.202000000000076,0.36803172676096857,0.21299338442569526,2,0.16857606395586966,0.696510145677236,0.1064840597345993,0.09741343029030472,129.51117536528957,1.0,False
10.222000000000083,0.3075213447814249,0.24507294849531028,2,0.1706430630045783,0.7214781643530509,0.10827166656312184,0.10338046017360036,100.56886858661673,0.6999999999999997,False
10.24200000000009,0.24267472245925678,0.29661901612659225,1,0.17276928588319226,0.7465475104896637,0.11064279036599686,0.11008874693732534,45.21002926348573,0.19999999999999968,False
10.262000000000096,0.1736090315690898,0.3575699635113536,1,0.17479041830822933,0.7714373037589657,0.11224340458020919,0.11900707505661942,0.0,0.0,False
10.282000000000103,0.15027370139653823,0.3762377793219475,0,0.17551663699777134,0.7886143534489759,0.1085918371811941,0.1292274971309804,0.0,0.0,False
10.30200000000011,0.15342031981329743,0.3213160086325942,0,0.1755755135143242,0.8013222311700366,0.10136939848722698,0.14708372415445956,0.0,0.0,False
10.322000000000116,0.1518880213824814,0.26425869619342446,0,0.17561552549710335,0.8140234339923611,0.09395784444467328,0.16814671641878845,0.0,0.0,False
10.342000000000123,0.14731064972281924,0.2772255289423755,0,0.1756223831889748,0.8267281991428751,0.09564030796934136,0.18078412890397996,0.0,0.0,False
10.36200000000013,0.1450016494396498,0.2959855970626375,0,0.17397011953515246,0.8384688602604765,0.09456626550349227,0.19105905434701612,0.0,0.0,False
10.382000000000136,0.14112072358849453,0.3182318333059041,0,0.17207262986893584,0.8499058960182776,0.09378585983574644,0.20038016835870953,0.0,0.0,False
10.402000000000143,0.13858764003361246,0.37431110687409336,0,0.17003050163753214,0.8603759792134579,0.0927921001437567,0.20991798698064845,0.0,0.0,False
10.42200000000015,0.13753712838322857,0.4169306814102866,0,0.16775839364672965,0.8700312025367364,0.09188309187602872,0.2207678833140395,0.0,0.0,False
10.442000000000156,0.13660950396486354,0.45521292789626444,1,0.1654338045889263,0.8791949908284743,0.0908770327234269,0.23245261030020142,0.0,0.0,False
10.462000000000163,0.13580577810468145,0.4842166490576041,0,0.163078664547194,0.8879770528349684,0.08940353437341499,0.24212929874930986,0.0,0.0,False
10.48200000000017,0.13525746366346936,0.5095960021233646,0,0.16052321004723302,0.8964579899670472,0.08743615827691287,0.25104170036422835,0.0,0.0,False
10.502000000000177,0.13453837909251776,0.526454075963192,0,0.1577710374433853,0.904688046827066,0.08313394919629977,0.2600540057438969,0.0,0.0,False
10.522000000000183,0.13420698384440619,0.5470971606138271,0,0.15494213203846108,0.9126057940976443,0.07956167290219615,0.2698116887682526,0.0,0.0,False
10.54200000000019,0.1339905244343596,0.564039181689947,1,0.15191315561661772,0.9203758572370399,0.07503053062474122,0.27773402014370085,0.0,0.0,False
10.562000000000197,0.13350134348489862,0.5692251223042463,0,0.14864917214855417,0.9281534079433504,0.06839703102556213,0.28355931598705963,0.0,0.0,False
10.582000000000203,0.13341878768479767,0.5761476682929992,0,0.14534442825666002,0.9358348144686561,0.06533670689930289,0.2866579580961735,0.0,0.0,False
10.60200000000021,0.13294672589273923,0.6011594167827161,0,0.1418914853032757,0.9436518635790538,0.06382268496260148,0.28880487465516935,0.0,0.0,False
10.622000000000217,0.13233361458446583,0.6288407239396001,0,0.13822949091613163,0.9521476497401585,0.06007448958448475,0.29253164579346075,0.0,0.0,False
10.642000000000223,0.13140010419670056,0.6805867043356078,0,0.13447473078236744,0.9610840180576762,0.05749362785927023,0.2954350686007817,0.0,0.0,False
10.66200000000023,0.12959425146628287,0.7588580773165968,1,0.1304377304761732,0.9704779836865323,0.05565625785055717,0.29725428691646494,0.0,0.0,False
10.682000000000237,0.1275119115003612,0.8624446865980979,1,0.12632848525762075,0.9804170017126543,0.05470211746279102,0.29805593564505073,0.0,0.0,False
10.702000000000243,0.12638996249551884,0.9560811829644577,0,0.12233739366992101,0.990467942418775,0.053883384588709504,0.2998057110038699,0.0,0.0,False
10.72200000000025,0.12590165917647442,1.0059932583943076,1,0.11878814093375127,1.0005050485183824,0.051803990281439144,0.302065120710547,0.0,0.0,False
10.742000000000257,0.12689075836245958,1.0284379432525406,2,0.11543538258411201,1.0102557119790885,0.0489466881352823,0.30476166313376807,0.0,0.0,False
10.762000000000263,0.12756546297285254,1.0499468014638522,1,0.11203206802046742,1.0198813203305415,0.045511340546962625,0.3080638249115296,0.0,0.0,False
10.78200000000027,0.12791901763381353,1.0718199722053712,2,0.10879688866169011,1.0292526697504547,0.04225229371659123,0.3115394513141855,0.0,0.0,False
10.802000000000277,0.12789957484354045,1.0924423392777691,0,0.10660082992624417,1.0386206023585418,0.03894202171994465,0.31560291614638913,0.0,0.0,False
10.822000000000283,0.12727205802091454,1.1044995640223703,2,0.10487448733528214,1.0473869601799994,0.03648759946077074,0.3185151442437339,0.0,0.0,False
10.84200000000029,0.12671582948759708,1.1118235620885302,1,0.1035268372550962,1.05594038383601,0.03302131421371096,0.3222670779748258,0.0,0.0,False
10.862000000000297,0.1301691705812013,1.1194573399065508,1,0.10266336347261429,1.065208274678112,0.02979639353946928,0.3272133395139296,0.0,0.0,False
10.882000000000303,0.13186576730583308,1.119271597827713,0,0.10357968366976524,1.074383241819893,0.02664951737138349,0.33119728900860423,0.0,0.0,False
10.90200000000031,0.13023874424195003,1.0974275659112045,0,0.10564832250359381,1.083236594951701,0.02123007153771672,0.3339280462506434,0.0,0.0,False
10.922000000000317,0.12809480522378835,1.094153167497804,0,0.10890494014522206,1.0913592105379435,0.014539534768419543,0.3367180073475131,0.0,0.0,False
10.942000000000323,0.12853407239122067,1.115183646685204,1,0.11300512222318336,1.0983563335619426,0.006981837793389206,0.3395644365381296,0.0,0.0,False
10.96200000000033,0.12880437311656606,1.1452503643314278,0,0.11785357609119562,1.1047920045147455,-0.0021839787899781693,0.3423205279274196,0.0,0.0,False
10.982000000000337,0.12948432011970198,1.1433331882397,0,0.12465496509201936,1.1046668795797654,-0.009857396614417202,0.34153102709112904,0.0,0.0,False
11.002000000000344,0.128687818548402,1.1281705061484515,0,0.1307122215251473,1.103280378072668,-0.01667273896463209,0.34042942958791794,0.0,0.0,False
11.02200000000035,0.12856239713281747,1.1095763079148877,0,0.13676184223333437,1.101520888250351,-0.023913490611030486,0.3390748832301026,0.0,0.0,False
11.042000000000357,0.12837537441708774,1.0938199764635554,1,0.1425942443091899,1.0991833436243752,-0.031769208451759345,0.33696090226088865,0.0,0.0,False
11.062000000000364,0.12834162632937318,1.0899207033666145,1,0.1487465454674733,1.097785161208506,-0.03916981072838274,0.33608430851737303,0.0,0.0,False
11.08200000000037,0.128463033991564,1.0864263101256733,1,0.15461560102341235,1.0958748124095765,-0.0453052116784024,0.3354553969606574,0.0,0.0,False
11.102000000000377,0.12838489650149223,1.087212329520691,2,0.16016216413133974,1.0946907174936138,-0.04730332026847561,0.334826460804502,0.0,0.0,False
11.122000000000384,0.1285326600874001,1.0954255827134698,2,0.16553729482304025,1.0939041319585403,-0.04906652049730742,0.33468564180637006,0.0,0.0,False
11.14200000000039,0.12856697269012174,1.1045347997313208,2,0.170705590200715,1.0932774184566079,-0.05127062083383846,0.3350401927058472,0.0,0.0,False
11.162000000000397,0.1284121315154954,1.11185969642978,1,0.1760661391012766,1.0926258336156884,-0.05407943678043131,0.33588481535665016,0.0,0.0,False
11.182000000000404,0.12805186754820003,1.1173690750423284,1,0.18138355802476225,1.0920230468798542,-0.05413864985348743,0.33724390465038456,0.0,0.0,False
11.20200000000041,0.12733396287462898,1.119151528619394,1,0.18674927522865165,1.0911754323926022,-0.05390207746206341,0.33891114605427275,0.0,0.0,False
11.222000000000417,0.12625303466500373,1.1165039089244913,0,0.19150737731245146,1.0901710501999229,-0.05309619523384285,0.34062509551276376,0.0,0.0,False
11.242000000000424,0.12466007607684808,1.112491012718548,1,0.19638133216748338,1.0889355232091715,-0.052606870498004416,0.34161570895018517,0.0,0.0,False
11.26200000000043,0.12541266285213365,1.1341206563053736,0,0.20031998801320783,1.0886169915013495,-0.05283265910988813,0.3435555230397874,0.0,0.0,False
11.282000000000437,0.12508996398899924,1.159139032206401,0,0.2026414281666125,1.0889159332620173,-0.05438779333384222,0.3447693723602657,0.0,0.0,False
11.302000000000444,0.12494620153543262,1.1835703927952197,0,0.2040076985122149,1.0895614108131253,-0.055832795018749215,0.3458190518469872,0.0,0.0,False
11.32200000000045,0.12487828903112691,1.1936314733714197,1,0.20487782187855036,1.0904026455257985,-0.05737908785986262,0.3468264416424551,0.0,0.0,False
11.342000000000457,0.12485045959540744,1.1978515396604297,1,0.20545953405245118,1.091152103695366,-0.058471910290836454,0.3474491694239549,0.0,0.0,False
11.362000000000464,0.12484403176955651,1.1989349837775476,2,0.205759680192925,1.0918421376843945,-0.058637313207614755,0.34759752657061416,0.0,0.0,False
11.38200000000047,0.12484344290242516,1.1989183340340803,2,0.205844540260867,1.0925168496745636,-0.05864742538918416,0.3475912512249033,0.0,0.0,False
11.402000000000477,0.12484245774969405,1.1989176458510546,2,0.20571340131293725,1.0930936638775646,-0.058658583032546535,0.34758765299052063,0.0,0.0,False
11.422000000000484,0.12484154221578599,1.1989449217707213,2,0.20548530074399202,1.093607594220322,-0.058669105058449966,0.3475861895767409,0.0,0.0,False
11.44200000000049,0.12484065403538815,1.1989814574060833,2,0.20520326445537465,1.094027195673843,-0.05867926035074206,0.3475855472588455,0.0,0.0,False
11.462000000000497,0.12483830475946553,1.199233870199663,2,0.2047016417943027,1.0943332047212118,-0.058695022869467345,0.3476013786490961,0.0,0.0,False
11.482000000000504,0.12483751669042982,1.1993200201835064,2,0.20405104917466302,1.094525267449838,-0.05870235652592287,0.34760009098242284,0.0,0.0,False
11.50200000000051,0.12483671675811521,1.1993701889430755,2,0.20354242069783865,1.0947203848735376,-0.05871099177274294,0.34760014851217524,0.0,0.0,False
11.522000000000517,0.12483598794808773,1.199412196831518,2,0.2031922203429143,1.0948637596787207,-0.05871868836521718,0.3475991707490974,0.0,0.0,False
11.542000000000524,0.12483522853908355,1.199451426974848,2,0.2029724588645112,1.0949571248093308,-0.05872595172148287,0.3475977593855415,0.0,0.0,False
11.56200000000053,0.12483446928720314,1.1994887211645022,2,0.20288226361675635,1.095017962717062,-0.058733075541495955,0.3475961845469645,0.0,0.0,False
11.582000000000537,0.12483373912927406,1.1995229078707697,2,0.20290586436726174,1.0950529835080098,-0.058740119543694735,0.34759439905680223,0.0,0.0,False
11.602000000000544,0.12483303451388669,1.1995521227741728,2,0.2030214056236616,1.0950437503801622,-0.0587470930260334,0.3475922289685969,0.0,0.0,False
11.62200000000055,0.12483239800006636,1.199573204745457,2,0.2032298700513063,1.0950127338410423,-0.05875401189880647,0.34758942534830095,0.0,0.0,False
11.642000000000557,0.12483178614405799,1.1995840159827549,2,0.20350682886402544,1.0949637907911332,-0.058761031235416844,0.3475857240884449,0.0,0.0,False
11.662000000000564,0.12483071190022281,1.1993336505408436,2,0.20376772901270288,1.0948578368950612,-0.05878745231063362,0.34755357811176624,0.0,0.0,False
11.68200000000057,0.12481578399331389,1.1988872882345651,2,0.20407922103359166,1.094695926558708,-0.05883839161959034,0.34750194195063555,0.0,0.0,False
11.702000000000577,0.12481135119195051,1.1986981695636143,2,0.20444726186159642,1.0945154710485603,-0.058881436045966434,0.3474662712467974,0.0,0.0,False
11.722000000000584,0.12480042272261485,1.198472948236553,2,0.20481347167351766,1.094321494161886,-0.058915266850811304,0.3474449084376764,0.0,0.0,False
11.74200000000059,0.12480003622929121,1.1984632903643462,2,0.2051193563714543,1.0941679141994922,-0.058922228474301924,0.3474377344009708,0.0,0.0,False
11.762000000000597,0.12479932767403118,1.1984395589427508,2,0.2053811766235718,1.094020886263227,-0.05892930528070414,0.34743084966625937,0.0,0.0,False
11.782000000000604,0.12479858222930915,1.198410528365466,2,0.2055877746764296,1.0938886625777005,-0.05893637919095282,0.34742354134680586,0.0,0.0,False
11.80200000000061,0.12479775546668453,1.1983755160206462,2,0.2057281647486832,1.0937804470485808,-0.05894342395972091,0.3474156093631026,0.0,0.0,False
11.822000000000617,0.12479675196809271,1.1983385066266088,2,0.20580367694856738,1.093699201954592,-0.05895135939248622,0.3474082695236931,0.0,0.0,False
11.842000000000624,0.12479581863011446,1.198310430801591,2,0.20581853316074897,1.0936469439234688,-0.058958706802737876,0.3474006989692615,0.0,0.0,False
11.86200000000063,0.12479488449476543,1.1982857911084963,2,0.20577718852601054,1.0936233386545993,-0.05896617015719827,0.3473934444997334,0.0,0.0,False
11.882000000000637,0.12479383086411175,1.19826822890389,2,0.20568573357494427,1.0936279632391257,-0.05897364478101291,0.34738662055120556,0.0,0.0,False
11.902000000000644,0.12479289004553863,1.1982531484385701,2,0.20555305466690243,1.0936583928718717,-0.058981143204612674,0.34737988434741945,0.0,0.0,False
11.92200000000065,0.12479187229423036,1.1982443870598192,2,0.2053867063282938,1.0937117803786436,-0.058988653955971165,0.3473735419836789,0.0,0.0,False
11.942000000000657,0.12479081925340639,1.198241490008999,2,0.2051941800888554,1.093783660940162,-0.058996169151125294,0.3473675906171596,0.0,0.0,False
11.962000000000664,0.12478980569143536,1.198242511558845,2,0.2049852878584261,1.093869694330899,-0.05900367975220372,0.34736191683135664,0.0,0.0,False
11.98200000000067,0.12478873923298096,1.1982487901623622,2,0.20476795871963546,1.0939658256513352,-0.05901117789837207,0.34735662920468013,0.0,0.0,False
12.002000000000677,0.1247876333829122,1.198262302384673,2,0.2045492398390474,1.0940680302801575,-0.05902041756221549,0.3473531608666626,0.0,0.0,False
12.022000000000684,0.12478666188384269,1.1982746761621297,2,0.20433760350605484,1.0941706034269307,-0.05902809913924406,0.3473484826261297,0.0,0.0,False
12.04200000000069,0.12478560637976885,1.1982920186052821,2,0.2041341199506859,1.094272041462481,-0.05903577970462526,0.3473444275069655,0.0,0.0,False
12.062000000000697,0.1247846409849118,1.1983134424806041,2,0.2039267470028091,1.0943736345617785,-0.05904341023550816,0.347340755916717,0.0,0.0,False
12.082000000000704,0.12478369025367284,1.1983365974595839,2,0.20371952394385756,1.0944728966155772,-0.05905096447073965,0.3473372577414925,0.0,0.0,False
12.10200000000071,0.12478274261478167,1.1983610929085438,2,0.2035177367162292,1.0945668860847522,-0.05905844132766738,0.347333895511846,0.0,0.0,False
12.122000000000718,0.12478181527593779,1.198385781717576,2,0.2033273186207237,1.0946534526495284,-0.0590658469978006,0.3473305758419625,0.0,0.0,False
12.142000000000724,0.12478090207113914,1.1984105139167047,2,0.2031538554527192,1.0947307419197811,-0.05907318576558346,0.3473272858181525,0.0,0.0,False
12.162000000000731,0.12477999036720636,1.1984350122558811,2,0.20300240960007723,1.0947968968968071,-0.05908046300067604,0.3473239997848767,0.0,0.0,False
12.182000000000738,0.12477909313290471,1.1984581917031227,2,0.20287668063283268,1.0948513504028476,-0.05908768948575699,0.3473206305581452,0.0,0.0,False
12.202000000000744,0.12477821105045507,1.1984798945244615,2,0.20277949192905997,1.094893151899814,-0.05909487380219755,0.3473171663163175,0.0,0.0,False
12.222000000000751,0.12477733241735084,1.1984987796543913,2,0.202711679679469,1.0949222265229237,-0.05910203048472848,0.34731348298594567,0.0,0.0,False
12.242000000000758,0.12477647998219513,1.1985158593293348,2,0.2026738201528095,1.0949402225983524,-0.05910915337796882,0.34730969540095213,0.0,0.0,False
12.262000000000764,0.12477558376953672,1.198530482357492,2,0.2026626414682103,1.0949455731032567,-0.05911624880067598,0.34730571936176036,0.0,0.0,False
12.282000000000771,0.12477471572444655,1.1985404217196316,2,0.20267494873277986,1.094940431030184,-0.05912334840466388,0.34730136902448544,0.0,0.0,False
12.302000000000778,0.12477379456248407,1.198551478204843,2,0.20270885238463848,1.0949282253972712,-0.059132345562036254,0.34729851220588204,0.0,0.0,False
12.322000000000784,0.12477287979622494,1.198557942827351,2,0.2027566775120507,1.0949067919437956,-0.05913956476681412,0.34729385890893505,0.0,0.0,False
12.342000000000791,0.12477207974976123,1.1985562109383985,2,0.2028137442934608,1.0948812866099253,-0.05914692907747987,0.3472888872984963,0.0,0.0,False
12.362000000000798,0.12477126717749554,1.1985513905169003,2,0.20287502159883497,1.0948509554837824,-0.05915424652345452,0.3472836698991284,0.0,0.0,False
12.382000000000804,0.12477037495708462,1.1985472897783984,2,0.20293591169163339,1.094819407137736,-0.059161524870307625,0.34727847140988205,0.0,0.0,False
12.402000000000811,0.12476945182598417,1.198540610974078,2,0.20299249670969235,1.0947876449537841,-0.05916876145797825,0.3472730196214213,0.0,0.0,False
12.422000000000818,0.12476856788875712,1.198533315481113,2,0.20304201076357692,1.0947562272367406,-0.05917598712327307,0.3472674588854124,0.0,0.0,False
12.442000000000824,0.12476773340412427,1.1985207519238703,2,0.20308670246400484,1.094725237477397,-0.059183197547179156,0.34726140086867563,0.0,0.0,False
12.462000000000831,0.12476680252943642,1.1985079171427437,2,0.2031301434048303,1.094694615080475,-0.05919037081985848,0.3472552379641167,0.0,0.0,False
12.482000000000838,0.1247658682605664,1.1984956485090104,2,0.2031716888595726,1.0946647974406358,-0.05919753615039086,0.3472490576286873,0.0,0.0,False
12.502000000000844,0.12476501430650704,1.1984762687678459,2,0.20321001093256766,1.0946361248371268,-0.05920626363836831,0.34724469944237996,0.0,0.0,False
12.522000000000851,0.12476391217371716,1.1984743562456632,2,0.20324595334712195,1.0946095684051613,-0.05921305746855898,0.3472379608976155,0.0,0.0,False
12.542000000000858,0.12476299141111721,1.1984641040098902,2,0.20327735635129274,1.0945845758563015,-0.05922050980036425,0.3472320187523281,0.0,0.0,False
12.562000000000864,0.12476206353911123,1.1984537118492085,2,0.20330418926085778,1.0945617851355514,-0.05922796626364832,0.3472260933975196,0.0,0.0,False
12.582000000000871,0.1247611247074794,1.1984438477444002,2,0.20332612634255584,1.0945414556918176,-0.05923539262690297,0.3472201533987014,0.0,0.0,False
12.602000000000878,0.12476017650670289,1.1984345908922835,2,0.20334292918166802,1.0945237541817323,-0.05924279124639065,0.34721420513765705,0.0,0.0,False
12.622000000000885,0.12475921994296672,1.1984259818918357,2,0.2033544777762204,1.0945087791875212,-0.059250165885398165,0.34720825719686343,0.0,0.0,False
12.642000000000891,0.12475825596061818,1.1984180452146296,2,0.20336077591227517,1.094496556310586,-0.059257519868382125,0.34720231695440995,0.0,0.0,False
12.662000000000898,0.12475728499138429,1.1984108180161037,2,0.2033619522719735,1.0944870422414388,-0.05926485598944867,0.3471963924827924,0.0,0.0,False
12.682000000000905,0.12475663337152734,1.198382481939468,2,0.20335805030904502,1.0944796739430735,-0.05926901810247942,0.3471898209923653,0.0,0.0,False
12.702000000000911,0.12475639764032444,1.1983485306894472,2,0.2033489804996498,1.0944744834105873,-0.059272101752509826,0.3471827672385568,0.0,0.0,False
12.722000000000918,0.124756222388789,1.1983096164430558,2,0.20333536961039808,1.0944711380576209,-0.059274999762566255,0.34717509477139785,0.0,0.0,False
12.742000000000925,0.12475606857957793,1.198266792043015,2,0.20331780202743233,1.094469450390561,-0.059277966032057344,0.34716709935181467,0.0,0.0,False
12.762000000000931,0.12475596729929797,1.1982251892479088,2,0.2032973367310799,1.0944692737106951,-0.05928104725489525,0.34715889957204105,0.0,0.0,False
12.782000000000938,0.12475584842806565,1.1981849049513096,2,0.20327439158505772,1.0944706348898399,-0.059283866647243166,0.34715072617010134,0.0,0.0,False
12.802000000000945,0.12475576501543004,1.1981429628917493,2,0.2032495440130912,1.0944726860944471,-0.05928640095008708,0.34714222761720687,0.0,0.0,False
12.822000000000951,0.12475563466727381,1.1980998991524914,2,0.2032233364935159,1.0944754609838965,-0.059288729743342566,0.347133771465013,0.0,0.0,False
12.842000000000958,0.1247555483534414,1.1980618753917927,2,0.20319714013382748,1.0944785871005522,-0.05929114843263822,0.34712530833160715,0.0,0.0,False
12.862000000000965,0.12475543212957937,1.1980201080448678,2,0.2031707515906252,1.094481585970201,-0.059293031451917444,0.3471166790993895,0.0,0.0,False
12.882000000000971,0.12475529954425339,1.1979793774049237,2,0.20314530314489226,1.0944841035380741,-0.05929497126093408,0.34710809177239893,0.0,0.0,False
12.902000000000978,0.1247551778288343,1.1979403947534977,2,0.20312140433750975,1.0944861275727462,-0.059296819680435486,0.34709958275641717,0.0,0.0,False
12.922000000000985,0.1247550448771252,1.197901900624987,2,0.20309960987708997,1.09448702298539,-0.05929859533203599,0.3470910455214427,0.0,0.0,False
12.942000000000991,0.12475492443693238,1.1978654225929644,2,0.20308048455335273,1.0944869258473093,-0.05930045380335197,0.3470826435278418,0.0,0.0,False
12.962000000000998,0.12475474547974953,1.197824521275479,2,0.20306397520864042,1.0944850166329114,-0.05930187111677157,0.34707407719572586,0.0,0.0,False
12.982000000001005,0.12475462945127923,1.1977898993454208,2,0.20305135071165897,1.0944817912815945,-0.05930370646322952,0.3470657773153618,0.0,0.0,False
13.002000000001011,0.12475453276948084,1.197754511041195,2,0.20304225418108948,1.0944768818226152,-0.05930540692903519,0.3470573580461055,0.0,0.0,False
13.022000000001018,0.1247543691539402,1.1977170866518583,2,0.20303678948420048,1.0944698729746485,-0.059306998230112845,0.3470489995701177,0.0,0.0,False
13.042000000001025,0.12475428532170046,1.197683688639343,2,0.20303562381413004,1.0944612529521243,-0.059308680635062144,0.34704066191551264,0.0,0.0,False
13.062000000001031,0.12475411125811194,1.197648024427333,2,0.20303814260372904,1.0944504938180164,-0.05931032038977238,0.3470324375310144,0.0,0.0,False
13.082000000001038,0.12475401916294515,1.1976164660472137,2,0.20304493301235776,1.094438016805997,-0.05931175447556758,0.3470242718012703,0.0,0.0,False
13.102000000001045,0.124753885295856,1.1975818067264983,2,0.2030551098233676,1.0944236537067984,-0.059313628465941015,0.3470159667935332,0.0,0.0,False
13.122000000001051,0.12475374374222017,1.1975469377482257,2,0.20306874398565652,1.0944074170823372,-0.059315154449666674,0.34700766851549203,0.0,0.0,False
13.142000000001058,0.12475364853695389,1.1975169482659564,2,0.2030860380423154,1.09438992018402,-0.05931690941791981,0.34699955021829076,0.0,0.0,False
13.162000000001065,0.12475346351105565,1.1974856810599734,2,0.2031057125278891,1.0943711611832678,-0.05931805681400579,0.34699168867251196,0.0,0.0,False
13.182000000001072,0.12475330946891273,1.1974535711748158,2,0.20312782123472867,1.0943511265491952,-0.05931912661478905,0.3469837073400043,0.0,0.0,False
13.202000000001078,0.12475318214354134,1.1974207396854055,2,0.2031517265115423,1.0943300264609523,-0.05932007603498465,0.3469755589420057,0.0,0.0,False
13.222000000001085,0.12475275097026425,1.1974220510105653,2,0.20317398785976415,1.0943136634740867,-0.059321984021253604,0.346970720640822,0.0,0.0,False
13.242000000001092,0.12475324416832784,1.1974044260147145,2,0.20314803739314824,1.094320317539202,-0.0593234930844482,0.34696525279001755,0.0,0.0,False
13.262000000001098,0.12475337184017986,1.1973234724488826,2,0.20309562564618563,1.094332946705281,-0.05932071243412998,0.3469523283979298,0.0,0.0,False
13.282000000001105,0.12475255339249518,1.1972724194220659,2,0.20304296044707087,1.0943487918305768,-0.05932048085743666,0.3469423553260983,0.0,0.0,False
13.302000000001112,0.12475237211332733,1.1972369672166077,2,0.20299586080391893,1.0943633956449912,-0.05932146354958137,0.3469340337685327,0.0,0.0,False
13.322000000001118,0.1247524462595734,1.1971939776649327,2,0.20295169384627584,1.0943757052160055,-0.05932193891236101,0.3469248696687954,0.0,0.0,False
13.342000000001125,0.12475230389608749,1.1971505096888277,2,0.202907773622502,1.0943878267636329,-0.05932259681595184,0.3469158101035872,0.0,0.0,False
13.362000000001132,0.12475216632709173,1.1971101561917998,2,0.202863733013076,1.0944000481213036,-0.059323390082561406,0.34690699036023187,0.0,0.0,False
13.382000000001138,0.12475199617824392,1.1970736076631576,2,0.20282014167956366,1.094412371854539,-0.05932447683337436,0.3468985800229558,0.0,0.0,False
13.402000000001145,0.1247518324599791,1.1970407845750823,2,0.20277712288727395,1.0944246591528115,-0.05932580664882292,0.3468905337720397,0.0,0.0,False
13.422000000001152,0.12475167280071722,1.197011847848306,2,0.2027347929521731,1.094436876534261,-0.05932736820953041,0.34688287994881484,0.0,0.0,False
13.442000000001158,0.12475134104043,1.1969852765618836,2,0.2026925690931132,1.094449188806429,-0.059326764325343256,0.34687576141831533,0.0,0.0,False
13.462000000001165,0.12475086335855516,1.1969606096985648,2,0.2026505889342817,1.0944616041535542,-0.059324284833727065,0.34686924039891265,0.0,0.0,False
13.482000000001172,0.1247504110220992,1.1969404599443347,2,0.2026095878214557,1.09447409541865,-0.05932147827222117,0.3468631993608752,0.0,0.0,False
13.502000000001178,0.12474999328040771,1.1969252556207888,2,0.20256972711509497,1.0944865736843963,-0.059318525183673004,0.3468577844518871,0.0,0.0,False
13.522000000001185,0.1247496200706196,1.1969143141044352,2,0.20253070643582308,1.0944990836032311,-0.059315509600802535,0.34685290569416294,0.0,0.0,False
13.542000000001192,0.1247492796399039,1.1969074309920356,2,0.20249240260485774,1.0945116382834004,-0.059312510564033666,0.34684844847680796,0.0,0.0,False
13.562000000001198,0.12474895055457146,1.196904338156001,2,0.202454680532559,1.0945241298517219,-0.05930958857553681,0.34684436244687544,0.0,0.0,False
13.582000000001205,0.12474862847598725,1.1969050609075202,2,0.2024176891469291,1.0945366039570266,-0.05930676778136584,0.3468406444193358,0.0,0.0,False
13.602000000001212,0.12474831416581213,1.1969092668819876,2,0.20238132501887726,1.0945490786476204,-0.05930405492956434,0.34683726522515057,0.0,0.0,False
13.622000000001218,0.12474800689015231,1.1969167044441296,2,0.2023455676788834,1.0945615020716968,-0.059301449154269215,0.3468341997600113,0.0,0.0,False
13.642000000001225,0.1247477061933212,1.1969275051214656,2,0.20231051063315242,1.0945738923292052,-0.05929896350773753,0.3468314591922743,0.0,0.0,False
13.662000000001232,0.12474741036708092,1.1969413808176927,2,0.20227610142441285,1.0945861802758836,-0.059296591341726074,0.3468290160662822,0.0,0.0,False
13.682000000001239,0.12474712046995284,1.196958122518224,2,0.20224228834138522,1.0945984434787177,-0.05929433149710703,0.3468268520909593,0.0,0.0,False
13.702000000001245,0.12474683641111,1.1969775013464152,2,0.20220906915982767,1.0946106895715553,-0.05929217689358382,0.346824945289542,0.0,0.0,False
13.722000000001252,0.12474655568844922,1.1969996431440197,2,0.20217644582795877,1.09462272842498,-0.05929013396705718,0.3468233057343924,0.0,0.0,False
13.742000000001259,0.12474627994870671,1.19702420911613,2,0.2021444006495511,1.0946347645133307,-0.059288191360823084,0.3468219028094674,0.0,0.0,False
13.762000000001265,0.12474600947760461,1.1970508820516128,2,0.20211288660120658,1.0946467995977676,-0.059286339005414856,0.34682070829343564,0.0,0.0,False
13.782000000001272,0.12474574124586264,1.1970800277562683,2,0.20208194635638196,1.0946585833091256,-0.05928459105726053,0.3468197535835613,0.0,0.0,False
13.802000000001279,0.12474547769090447,1.19711103269754,2,0.20205152185215147,1.0946704258882658,-0.05928292399871318,0.34681898391376376,0.0,0.0,False
13.822000000001285,0.12474521760101281,1.1971442507908896,2,0.20202166021281256,1.0946820780069073,-0.059281355211378256,0.3468184313254775,0.0,0.0,False
13.842000000001292,0.12474496224621165,1.197178991582433,2,0.2019922576288776,1.094693765197919,-0.05927985427544638,0.34681803321186305,0.0,0.0,False
13.862000000001299,0.12474471177458522,1.1972153210481178,2,0.2019632847818329,1.0947053019211765,-0.059278426896112235,0.3468177966098456,0.0,0.0,False
13.882000000001305,0.12474446320709846,1.1972531892700573,2,0.20193487198075574,1.0947166498253225,-0.05927706489880155,0.34681771441477327,0.0,0.0,False
13.902000000001312,0.1247442216685404,1.197291800007158,2,0.20190681589831183,1.0947278166241827,-0.059275740497471946,0.3468177202254637,0.0,0.0,False
13.922000000001319,0.12474399139977926,1.1973301719655354,2,0.20187912007527467,1.0947388363896615,-0.05927440901516243,0.34681772923382437,0.0,0.0,False
13.942000000001325,0.12474378268847822,1.1973667214358272,2,0.20185150025352652,1.094749533790103,-0.059273007234345226,0.34681760885410573,0.0,0.0,False
13.962000000001332,0.1247435873094828,1.1973996798791489,2,0.20182433388506543,1.0947594865898826,-0.05927143752805725,0.3468171991397365,0.0,0.0,False
13.982000000001339,0.12474340035368779,1.1974294852150043,2,0.20179769264429206,1.0947690356997968,-0.05926971769838357,0.34681653470791035,0.0,0.0,False
14.002000000001345,0.12474320922668237,1.1974570231950883,2,0.20177135418373218,1.094778067590522,-0.059267887373737865,0.34681567972246397,0.0,0.0,False
14.022000000001352,0.124743025694738,1.1974806465476429,2,0.20174478703433787,1.0947867265808902,-0.059265885993859985,0.3468144860185816,0.0,0.0,False
14.042000000001359,0.12474284188304342,1.1975008515188956,2,0.2017182328138829,1.0947950449006447,-0.059263727672949046,0.3468129951872964,0.0,0.0,False
14.062000000001365,0.12474266251955539,1.19751792582262,2,0.2016916697547143,1.0948031135274485,-0.059261431408964615,0.3468112248725465,0.0,0.0,False
14.082000000001372,0.12474247091579033,1.1975322830334592,2,0.20166481065155126,1.0948102555405128,-0.05925900425480535,0.3468092023885804,0.0,0.0,False
14.102000000001379,0.12474227252613512,1.1975449022918918,2,0.20163817408331713,1.0948175589178852,-0.05925649589840279,0.34680701516890433,0.0,0.0,False
14.122000000001385,0.12474206497893632,1.1975563256886363,2,0.201611415595227,1.0948252660506546,-0.05925394075693574,0.3468047075526639,0.0,0.0,False
14.142000000001392,0.12474184551033463,1.1975673471451338,2,0.20158434883610454,1.0948322925439757,-0.05925136670492698,0.34680233992510223,0.0,0.0,False
14.162000000001399,0.1247416278043373,1.1975776584600963,2,0.20155726478336647,1.094839628945397,-0.05924877099025311,0.3467998960285028,0.0,0.0,False
14.182000000001405,0.12474139700589927,1.1975880617556531,2,0.20152973856006326,1.0948464723302642,-0.05924617652691769,0.3467974416012597,0.0,0.0,False
14.202000000001412,0.12474117804766666,1.1975970151110265,2,0.20150221395672277,1.0948539127906896,-0.05924353266174956,0.3467948553254406,0.0,0.0,False
14.222000000001419,0.12474094562467276,1.1976059008557465,2,0.2014743395531515,1.0948607686460268,-0.05924087667196892,0.3467922483639899,0.0,0.0,False
14.242000000001426,0.12474071428945689,1.197615077454632,2,0.2014466635977431,1.0948678192585064,-0.05923823745738546,0.3467896583293678,0.0,0.0,False
14.262000000001432,0.12474048139033195,1.1976236567419052,2,0.2014184827015082,1.094875026992491,-0.059235577699030456,0.34678700815925456,0.0,0.0,False
14.282000000001439,0.12474024148771466,1.1976328432830972,2,0.2013902770334592,1.0948819851252747,-0.0592329377513027,0.34678439991756216,0.0,0.0,False
14.302000000001446,0.12474001255429158,1.1976412079739676,2,0.20136198770298552,1.0948893531007398,-0.05923027563768893,0.34678172055875534,0.0,0.0,False
14.322000000001452,0.12473977229538047,1.1976498392927972,2,0.20133328118550373,1.094896030562632,-0.05922761229929044,0.34677905434353373,0.0,0.0,False
14.342000000001459,0.12473953782213128,1.1976581524160965,2,0.2013047559371907,1.0949030873677066,-0.059224942814303516,0.3467763596204445,0.0,0.0,False
14.362000000001466,0.12473929787532802,1.1976661056751607,2,0.20127578918270905,1.0949099601446286,-0.05922225242465057,0.34677362659411715,0.0,0.0,False
14.382000000001472,0.12473906523357804,1.1976731728035974,2,0.20124670708893938,1.094916742425562,-0.05921952845275852,0.346770814729754,0.0,0.0,False
14.402000000001479,0.12473883203658634,1.1976805022395907,2,0.20121787459157295,1.0949237704776444,-0.05921681194476805,0.3467680239415609,0.0,0.0,False
14.422000000001486,0.12473859423383707,1.19768744474928,2,0.20118891984128953,1.0949309951246737,-0.05921407766890707,0.34676519312780685,0.0,0.0,False
14.442000000001492,0.12473835722010992,1.1976940240264216,2,0.20115935373122684,1.0949380408362972,-0.05921132862694645,0.34676232602795143,0.0,0.0,False
14.462000000001499,0.12473808461998617,1.1977035609358695,2,0.20113085519229013,1.0949449813200642,-0.05920867836497068,0.3467597006891113,0.0,0.0,False
14.482000000001506,0.12473765093631432,1.1977397784243984,2,0.20110602813476486,1.094953964218301,-0.05920713553367629,0.3467593239176315,0.0,0.0,False
14.502000000001512,0.12473720220547249,1.197796062098725,2,0.20107846427917078,1.0949660332616982,-0.05920665666549832,0.3467606916404202,0.0,0.0,False
14.522000000001519,0.12473685101952184,1.1978558533472692,2,0.20105012988868326,1.0949786710234584,-0.05920642221801914,0.34676241309589173,0.0,0.0,False
14.542000000001526,0.12473657828619159,1.197916572861044,2,0.20102339916006837,1.0949906940618015,-0.059206239033983615,0.34676431788378526,0.0,0.0,False
14.562000000001532,0.12473633015393652,1.1979779668790616,2,0.20099769431262707,1.0950023701707918,-0.05920606460674266,0.3467663716849146,0.0,0.0,False
14.582000000001539,0.12473608531229124,1.1980403583330603,2,0.20097240366868632,1.0950139682320823,-0.05920591078472598,0.346768569035766,0.0,0.0,False
14.602000000001546,0.12473584569261566,1.198103765336985,2,0.20094754355598776,1.0950254755818227,-0.059205786699898344,0.3467708973685184,0.0,0.0,False
14.622000000001552,0.12473561286929702,1.1981681026856634,2,0.20092318925288313,1.0950368545628462,-0.05920569589868743,0.3467733438947803,0.0,0.0,False
14.642000000001559,0.12473538534978823,1.1982333026125525,2,0.20089932815700184,1.0950481038105127,-0.05920563944760318,0.34677589779232887,0.0,0.0,False
14.662000000001566,0.1247351616812286,1.1982993208253367,2,0.20087592977533963,1.0950592308564853,-0.05920561789499179,0.34677855046948225,0.0,0.0,False
14.682000000001572,0.12473494109874876,1.198366114652406,2,0.20085297394044677,1.0950702396645182,-0.05920563118427999,0.3467812945383073,0.0,0.0,False
14.70200000000158,0.1247347230992979,1.1984336401137892,2,0.20083044509402084,1.0950811325881202,-0.05920567864715992,0.3467841234300327,0.0,0.0,False
14.722000000001586,0.12473450725519607,1.1985018549563442,2,0.20080832785117514,1.0950919122150864,-0.05920575923694851,0.34678703132640687,0.0,0.0,False
14.742000000001592,0.12473429321580433,1.1985707193913646,2,0.20078660713490842,1.0951025813116064,-0.05920587170400149,0.3467900130504293,0.0,0.0,False
14.7620000000016,0.12473408070657653,1.1986401957271073,2,0.200765268675714,1.0951131425703133,-0.05920601468519082,0.34679306394151543,0.0,0.0,False
14.782000000001606,0.12473386950957488,1.1987102481962641,2,0.20074429898318813,1.0951235985848735,-0.059206186761512486,0.3467961797643361,0.0,0.0,False
14.802000000001613,0.12473365944743146,1.1987808429288687,2,0.20072368522665432,1.095133951875516,-0.05920638650143917,0.34679935664407424,0.0,0.0,False
14.82200000000162,0.12473345037367412,1.1988519478954893,2,0.20070341517899046,1.0951442048930933,-0.059206612490796395,0.34680259101513117,0.0,0.0,False
14.842000000001626,0.12473324216590186,1.1989235328200607,2,0.2006834771832119,1.0951543600160576,-0.059206863351790845,0.3468058795795319,0.0,0.0,False
14.862000000001633,0.12473303472042802,1.1989955690899319,2,0.2006638601183083,1.095164419550219,-0.059207137754770545,0.34680921927362174,0.0,0.0,False
14.88200000000164,0.12473282794819358,1.1990680296682505,2,0.2006445533662721,1.095174385730149,-0.059207434425119554,0.34681260724123053,0.0,0.0,False
14.902000000001646,0.12473262177171557,1.1991408890076063,2,0.2006255467825622,1.0951842607207776,-0.059207752146733295,0.3468160408116786,0.0,0.0,False
14.922000000001653,0.12473241612278806,1.1992141229656297,2,0.2006068306694136,1.0951940466190748,-0.05920808976313893,0.34681951748148454,0.0,0.0,False
14.94200000000166,0.12473221094073225,1.1992877087237284,2,0.20058839575128107,1.095203745455888,-0.05920844617703705,0.3468230348989676,0.0,0.0,False
14.962000000001666,0.12473200617105532,1.1993616247094616,2,0.20057023315210623,1.0952133591978832,-0.05920882034881103,0.3468265908511383,0.0,0.0,False
14.982000000001673,0.1247318017644164,1.1994358505228333,2,0.20055233437421005,1.0952228897495324,-0.05920921129439671,0.3468301832523773,0.0,0.0,False
