# Rest-skin points; MuJoCo computes the convex hull.
v -0.128418 0.03055329 0.05501454
v -0.119934 0.04880229 0.05264454
v -0.114187 0.04150929 0.08256454
v -0.107531 0.06507629 0.04955154
v -0.100644 0.05795929 0.08017154
v -0.098204 -0.08319771 0.06556754
v -0.09573 0.05478329 0.09426354
v -0.092741 0.07891929 0.04442054
v -0.082671 0.07167729 0.07414054
v -0.081416 0.09540229 0.01738254
v -0.079997 -0.09080871 0.02720554
v -0.079644 0.06408929 0.09254154
v -0.078072 0.08972429 0.03842154
v -0.07668 -0.09344771 0.05594054
v -0.074371 0.08467629 0.05377354
v -0.074086 -0.09348771 0.03367654
v -0.067979 -0.09194071 0.01483654
v -0.063849 -0.08892771 -0.00803346
v -0.063711 0.07380829 0.07855154
v -0.063586 -0.09665671 0.04014254
v -0.062783 0.10860329 -0.00937146
v -0.062514 0.10384229 0.01473754
v -0.062125 0.06895829 0.08881454
v -0.061808 0.09694829 0.03561854
v -0.061458 0.08766029 0.05464454
v -0.060355 -0.08524371 -0.03254346
v -0.056945 -0.09440071 0.01758254
v -0.054686 -0.09952471 0.05882754
v -0.052486 -0.09052871 -0.00710846
v -0.049459 -0.08633671 -0.03195746
v -0.048967 -0.09987371 0.04240354
v -0.047094 0.07497829 0.07840454
v -0.045186 -0.08168671 -0.05477346
v -0.044079 0.08951829 0.05368054
v -0.044003 -0.09649671 0.01844454
v -0.04379 0.07045629 0.08926754
v -0.043294 0.10015029 0.03317654
v -0.04174 0.10714029 0.01121254
v -0.040455 -0.09224971 -0.00711246
v -0.03996 0.11048629 -0.01314846
v -0.038746 -0.08874971 -0.03223346
v -0.038649 -0.07699371 -0.06409546
v -0.038079 -0.07488371 -0.07358046
v -0.037736 0.11148929 -0.03913646
v -0.034975 -0.08433271 -0.05205246
v -0.033635 -0.07895071 -0.06229446
v -0.032793 -0.10307771 0.04137154
v -0.031815 -0.07232971 -0.07399046
v -0.030919 0.07660029 0.07845654
v -0.02963 -0.09854971 0.01755054
v -0.029304 -0.06508271 -0.09152846
v -0.027614 0.07045229 0.08959954
v -0.027452 -0.09410371 -0.00767746
v -0.027126 0.08935829 0.05116954
v -0.027083 -0.06263371 -0.08714146
v -0.026872 -0.09088971 -0.03265046
v -0.025223 0.09911629 0.02913654
v -0.02292 -0.08157371 -0.06219146
v -0.022914 -0.08663871 -0.05008246
v -0.022153 0.10498029 0.00648854
v -0.021989 -0.07608171 -0.07391446
v -0.021454 -0.05374171 -0.10080946
v -0.018868 -0.04844271 -0.10600746
v -0.017699 0.10643429 -0.01728846
v -0.016907 -0.05614671 -0.10256146
v -0.016744 -0.06770371 -0.09023146
v -0.016266 0.00393729 -0.05531046
v -0.016118 -0.10467971 0.03946254
v -0.0154 0.07644029 0.07806954
v -0.015342 -0.00252271 -0.05486746
v -0.015177 -0.05103271 -0.10731346
v -0.01479 -0.07836871 -0.07495546
v -0.014722 0.01028029 -0.05581446
v -0.014666 -0.09999071 0.01619954
v -0.014582 -0.00460871 -0.05451546
v -0.014531 -0.04285171 -0.11182746
v -0.014341 -0.00186671 -0.08241646
v -0.014339 -0.00370371 -0.08222046
v -0.014334 7.229e-05 -0.07511046
v -0.014275 -0.00190571 -0.07493546
v -0.014219 -0.00045771 -0.08273346
v -0.014165 -0.00655971 -0.09053046
v -0.014146 0.00164429 -0.07520746
v -0.0141 -0.00402471 -0.07442546
v -0.014088 0.00036829 -0.06841046
v -0.014078 -0.00482871 -0.09064846
v -0.014066 -0.00127671 -0.06720146
v -0.014052 -0.00139571 -0.06824846
v -0.014042 -0.00297971 -0.06715246
v -0.014033 -0.00595371 -0.08216646
v -0.014011 0.00051329 -0.06730146
v -0.013985 0.00103629 -0.06203846
v -0.013972 -0.00857871 -0.09053746
v -0.013959 -0.00317571 -0.09078446
v -0.013941 -0.00662671 -0.09153746
v -0.013916 -0.00318871 -0.06818746
v -0.013899 0.00286029 -0.06221946
v -0.013855 0.00079429 -0.08338046
v -0.013854 -0.00210871 -0.08384046
v -0.013841 -0.00486171 -0.09163946
v -0.013817 -0.00393371 -0.08357646
v -0.013811 -0.09240171 -0.03295546
v -0.013792 -0.00574171 -0.07416546
v -0.013792 0.00237429 -0.06842446
v -0.013786 0.00319729 -0.07544746
v -0.013774 -0.09567171 -0.00842246
v -0.013761 0.00122729 -0.06119046
v -0.013752 -0.00323871 -0.09174446
v -0.013737 -0.00155671 -0.09091246
v -0.013699 0.00304029 -0.06132846
v -0.013695 -0.00860571 -0.09154546
v -0.013689 -0.00070771 -0.08414746
v -0.013676 -0.00195471 -0.07584046
v -0.01366 -0.00083071 -0.06190546
v -0.01365 -0.00676671 -0.10592446
v -0.013626 -0.00015671 -0.07606246
v -0.013616 -0.00810171 -0.10588346
v -0.013615 -0.00492471 -0.06718946
v -0.01361 -0.00782371 -0.08209746
v -0.013558 -0.00639071 -0.05417346
v -0.013557 0.00248729 -0.06746546
v -0.013554 0.00456229 -0.06258446
v -0.013554 0.07018829 0.08895754
v -0.013545 -0.00390271 -0.07535146
v -0.013536 -0.00546671 -0.09844546
v -0.013484 -0.01014771 -0.09046546
v -0.013476 -0.00538671 -0.10595846
v -0.013473 -0.00971471 -0.10594446
v -0.013471 -0.00077071 -0.06096346
v -0.013468 -0.00035271 -0.09113246
v -0.013458 0.00130029 -0.07621646
v -0.013455 -0.00602071 -0.08344946
v -0.013446 -0.00172371 -0.09191746
v -0.013396 0.00228629 -0.08369046
v -0.013384 0.00423729 -0.06857846
v -0.013376 -0.00757171 -0.09955646
v -0.013374 -0.00385271 -0.09842746
v -0.013372 -0.00733671 -0.07396246
v -0.013343 -0.00263371 -0.06156746
v -0.013328 -0.00495271 -0.06825846
v -0.01331 -0.00584771 -0.09990846
v -0.013308 -0.01122771 -0.10591146
v -0.013287 -0.08356671 -0.06215046
v -0.013275 -0.00748371 -0.09800946
v -0.013257 0.00465929 -0.06170746
v -0.013217 -0.00429471 -0.09990546
v -0.013207 -0.01018471 -0.09150546
v -0.013205 -0.00560171 -0.07509946
v -0.013204 -0.06903971 -0.09110146
v -0.013193 0.00049129 -0.08458546
v -0.01318 0.00519029 -0.07549746
v -0.013173 -0.00915271 -0.09946546
v -0.013172 0.00430329 -0.06754146
v -0.013168 -0.00916371 -0.09782946
v -0.013168 0.00276329 -0.07645846
v -0.013164 -0.00379671 -0.10588646
v -0.013078 -0.00270771 -0.06065246
v -0.013072 0.00363129 -0.08368746
v -0.013067 -0.00054071 -0.09212146
v -0.013015 -0.00284271 -0.09973346
v -0.012997 -0.00246471 -0.09835646
v -0.012974 0.00630629 -0.06289846
v -0.012957 -0.00778271 -0.08336046
v -0.012932 -0.01088871 -0.09787746
v -0.012907 -0.00968871 -0.08201146
v -0.012894 -0.00260071 -0.10589046
v -0.012851 0.00562029 -0.06877646
v -0.012846 -0.00664271 -0.06704546
v -0.01283 0.00193629 -0.08483846
v -0.012823 -0.01295071 -0.10582746
v -0.012822 0.00130429 -0.09132446
v -0.012809 -0.00679971 -0.10739546
v -0.01276 -0.01197071 -0.09024246
v -0.01276 0.00052829 -0.06531746
v -0.012751 -0.00803871 -0.10737046
v -0.012748 -0.00118271 -0.06512946
v -0.012748 0.00062229 -0.06458346
v -0.01272 0.00571329 -0.06774846
v -0.012718 -0.00677971 -0.06819846
v -0.012701 -0.01082771 -0.09937446
v -0.012689 -0.00139371 -0.09846346
v -0.012687 -0.00429671 -0.06143546
v -0.012669 -0.00550871 -0.10743046
v -0.01266 -0.00166871 -0.09971546
v -0.01266 0.08787329 0.04809854
v -0.012647 0.00637329 -0.06196946
v -0.012645 -0.00719571 -0.07497846
v -0.012624 -0.00105771 -0.06447046
v -0.012624 0.00458229 -0.07657346
v -0.01261 -0.00975671 -0.10732146
v -0.0126 0.00330629 -0.08492846
v -0.012589 -0.01195471 -0.09137846
v -0.012531 -0.01251971 -0.09798146
v -0.01248 -0.00895371 -0.07395346
v -0.012477 -0.00433771 -0.06061646
v -0.012465 0.00102429 -0.09233546
v -0.012434 -0.01130671 -0.10715946
v -0.01243 0.10401429 -0.04138846
v -0.012404 -0.00402571 -0.10742346
v -0.012386 -0.00121071 -0.10588746
v -0.012376 -0.00263071 -0.06483846
v -0.012341 -0.00960171 -0.08319746
v -0.012339 0.00504129 -0.08385146
v -0.012324 0.00335329 -0.05822646
v -0.012303 0.00805529 -0.06288446
v -0.01229 0.00239529 -0.06556346
v -0.012272 0.00154929 -0.05994446
v -0.012254 0.00671829 -0.07574546
v -0.012238 -0.00522571 -0.09582146
v -0.012237 -0.00248671 -0.06407246
v -0.012235 0.00726629 -0.06806746
v -0.012215 0.00313729 -0.06002446
v -0.012208 0.00247529 -0.06489246
v -0.012184 -0.01235171 -0.09941746
v -0.01218 -0.00699471 -0.09431146
v -0.012163 -0.00515071 -0.09490946
v -0.012127 -0.00286571 -0.10741546
v -0.01208 0.00711729 -0.06918646
v -0.012074 0.00262229 -0.09121146
v -0.012069 -0.00711571 -0.09508246
v -0.012053 -0.01123071 -0.08198146
v -0.01204 -6.371e-05 -0.09831846
v -0.012039 -0.01468271 -0.10574246
v -0.012006 -0.00564971 -0.06127046
v -0.012 -0.00205271 -0.07786146
v -0.011998 -0.00774271 -0.10379846
v -0.011986 0.00809429 -0.06183946
v -0.011978 0.00298629 -0.05698346
v -0.011966 -0.00382371 -0.09567546
v -0.011957 -0.00359671 -0.09470446
v -0.011937 -0.01288171 -0.10705546
v -0.011933 -0.00024971 -0.09951646
v -0.01193 -0.00869071 -0.09396046
v -0.011917 -0.00813371 -0.06807946
v -0.011908 -0.00643971 -0.10392746
v -0.011908 -0.00215671 -0.07882346
v -0.011906 -0.00081371 -0.07921946
v -0.011902 -0.00072971 -0.07819046
v -0.011893 -0.00058071 -0.05970946
v -0.011884 0.00419829 -0.06494946
v -0.011882 0.00442429 -0.05704346
v -0.01187 -0.00883571 -0.09479346
v -0.011867 0.00470929 -0.08504646
v -0.011858 0.00411829 -0.06565346
v -0.011847 0.00122529 -0.05692246
v -0.011845 -0.00360571 -0.07743746
v -0.011829 -0.00435871 -0.08588146
v -0.011825 0.00574229 -0.06504946
v -0.011824 0.00354329 -0.07062046
v -0.011819 -0.00776271 -0.10237846
v -0.011815 0.01090129 -0.11602246
v -0.011814 -0.00893671 -0.10392746
v -0.011788 -0.00504671 -0.10392146
v -0.011774 0.00030329 -0.07951746
v -0.011769 0.00236829 -0.09230246
v -0.011757 0.00052429 -0.07838946
v -0.011754 -0.00783371 -0.06656246
v -0.011753 -0.00869271 -0.07497446
v -0.011752 -0.00372871 -0.10240046
v -0.011745 -0.01372671 -0.09011546
v -0.011727 -0.00582771 -0.06034646
v -0.011722 -0.00895671 -0.10240846
v -0.011719 -0.00645071 -0.10257146
v -0.011711 0.00561929 -0.06575746
v -0.011708 -0.00503071 -0.10264346
v -0.011706 -0.00133671 -0.05801546
v -0.011697 0.00613129 -0.07678346
v -0.011696 0.00321829 -0.05899146
v -0.011689 -0.00372071 -0.10366946
v -0.011689 0.00199929 -0.07059846
v -0.011687 -0.01427971 -0.09785146
v -0.011686 -0.00445371 -0.08724146
v -0.011686 -0.00327871 -0.07009446
v -0.01168 -0.00278471 -0.08591446
v -0.011671 0.00446329 -0.06017846
v -0.01167 -0.00359971 -0.07846546
v -0.011663 -0.00387171 -0.06471246
v -0.011657 0.00492129 -0.07096946
v -0.011656 -0.00154471 -0.10738746
v -0.011655 0.03385329 -0.06665246
v -0.011637 0.00151129 -0.05893346
v -0.011634 0.00448929 -0.11620346
v -0.011622 -0.00598871 -0.08600046
v -0.011621 0.00337729 -0.07141946
v -0.011602 0.03230629 -0.06634546
v -0.011592 -0.00076471 -0.05681846
v -0.011584 -0.00141471 -0.07038446
v -0.011579 0.00014629 -0.10575746
v -0.011566 0.03426629 -0.06336946
v -0.011562 0.03264829 -0.06331946
v -0.011559 -0.01375471 -0.09123646
v -0.011557 0.00184329 -0.07854946
v -0.011534 -0.01109071 -0.08316146
v -0.011534 -0.00255871 -0.10220546
v -0.011529 0.03335629 -0.06989646
v -0.011521 -0.01047171 -0.09508446
v -0.011519 -0.08803071 -0.04994946
v -0.011512 0.03548329 -0.06697046
v -0.011509 -0.01400371 -0.09937446
v -0.011501 0.00623929 -0.05713346
v -0.011494 0.03189829 -0.06934546
v -0.011492 0.00467329 -0.07171146
v -0.011468 -0.01031771 -0.07391446
v -0.011466 -1.571e-05 -0.07040746
v -0.011464 -0.05889371 -0.10352046
v -0.011444 -0.00287871 -0.08732146
v -0.011437 -0.00612271 -0.08721446
v -0.011425 -0.00261771 -0.05941546
v -0.011422 -0.01033871 -0.09425446
v -0.011414 -0.00281871 -0.09564646
v -0.011414 -0.00268271 -0.10355446
v -0.011403 -0.00146271 -0.08608446
v -0.011398 0.03082829 -0.06605046
v -0.011387 -0.00519371 -0.07722746
v -0.011375 0.03110529 -0.06323846
v -0.011362 0.00098729 -0.09825546
v -0.011353 0.00156829 -0.07956246
v -0.01135 -0.00258471 -0.09468746
v -0.011346 0.00380929 -0.09118446
v -0.011335 0.00458229 -0.05903646
v -0.011334 0.03489029 -0.07047446
v -0.011328 0.00654929 -0.08403246
v -0.011325 0.03598929 -0.06341546
v -0.011318 -0.00365371 -0.06391946
v -0.011305 0.00175829 -0.07139246
v -0.011303 -0.00448171 -0.07010346
v -0.011271 -0.00326271 -0.07084846
v -0.011269 0.03050229 -0.06882746
v -0.011264 0.00725029 -0.06526646
v -0.011254 0.00961229 -0.06290446
v -0.011246 -0.00154171 -0.07121146
v -0.011232 -0.00281571 -0.05644946
v -0.011229 -0.01462071 -0.10697746
v -0.011204 0.00086529 -0.09943646
v -0.011196 0.03292429 -0.07294846
v -0.011179 0.00890929 -0.06823846
v -0.011173 0.00710329 -0.06600246
v -0.011167 -0.00158471 -0.08747846
v -0.011159 -0.00022571 -0.08638946
v -0.011156 0.03156029 -0.07220846
v -0.011135 -0.00295571 -0.05784046
v -0.011132 0.03715029 -0.06729446
v -0.01112 -0.00039071 -0.08770846
v -0.011119 -0.00696471 -0.06095946
v -0.011115 0.00816029 -0.07598146
v -0.011104 -0.01628771 -0.10574046
v -0.0111 0.00366329 -0.11613346
v -0.011092 0.00358429 -0.09226146
v -0.011089 -0.01033571 -0.10393146
v -0.011087 -0.00053971 -0.05894546
v -0.011073 0.02967329 -0.06318346
v -0.011069 0.00876329 -0.06925946
v -0.011068 0.02941229 -0.06578946
v -0.011061 0.00611429 -0.06047546
v -0.01106 -0.01188871 -0.09540646
v -0.01106 0.00805129 -0.05855746
v -0.011052 0.00317629 -0.07862246
v -0.011047 -6.971e-05 -0.07125646
v -0.011043 0.00095129 -0.08794246
v -0.011034 -0.00526071 -0.07824946
v -0.011032 -0.01244171 -0.08185746
v -0.011028 0.00116529 -0.08685546
v -0.011019 -0.01050071 -0.10232646
v -0.011005 -0.00958171 -0.06787046
v -0.010997 0.03028229 -0.07631646
v -0.010992 -0.00455471 -0.07084546
v -0.010989 0.00781629 -0.05710046
v -0.010975 -0.00020871 -0.10731646
v -0.010973 0.02714329 -0.07866146
v -0.010971 0.03131129 -0.06045146
v -0.01097 -0.00778071 -0.08585446
v -0.01097 0.00963929 -0.06195246
v -0.010966 0.02898729 -0.07536546
v -0.010958 0.03289029 -0.06051746
v -0.010955 0.03439929 -0.07373746
v -0.010944 -0.05295371 -0.10854046
v -0.010944 0.03024729 -0.07147646
v -0.010942 0.00621429 -0.08516846
v -0.010936 -0.00416971 -0.05928746
v -0.010916 0.03124629 -0.07499146
v -0.010903 0.02915529 -0.06835246
v -0.010894 0.02578029 -0.07780546
v -0.010893 0.02992029 -0.06055846
v -0.010889 0.03647629 -0.07103446
v -0.010881 0.03243329 -0.07590846
v -0.010875 0.00223929 -0.08696246
v -0.010873 -0.00151371 -0.10223646
v -0.010873 0.03761529 -0.06349646
v -0.010866 -0.01170071 -0.09461346
v -0.010864 0.03148829 -0.07724546
v -0.010852 0.02852129 -0.07951446
v -0.010842 -0.00173271 -0.09567446
v -0.01083 -0.00696071 -0.06017446
v -0.010813 -0.00790471 -0.08709346
v -0.010813 0.00279729 -0.07970346
v -0.010789 0.03003229 -0.05956146
v -0.010786 0.02995929 -0.07405146
v -0.010776 -0.00167171 -0.10364346
v -0.010769 -0.00999471 -0.07485746
v -0.010758 0.00610829 -0.05928546
v -0.010756 -0.00159371 -0.09465646
v -0.010746 0.02773329 -0.07442846
v -0.010741 -0.04386071 -0.11363246
v -0.010733 0.03244529 -0.05567046
v -0.010732 0.03138829 -0.05923546
v -0.010731 0.00217229 -0.08809546
v -0.010729 0.01080829 -0.11479246
v -0.010727 0.00141529 -0.10575846
v -0.010708 0.09515329 0.02446154
v -0.010691 -0.01564971 -0.09778646
v -0.01069 -0.00492671 -0.06470546
v -0.010681 0.02535129 -0.08194546
v -0.010676 0.02392829 -0.08121046
v -0.010661 0.03077929 -0.05587246
v -0.010654 -0.00248871 -0.05872946
v -0.010651 0.00605429 -0.07125846
v -0.010636 0.03439729 -0.06045846
v -0.010634 0.02830129 -0.06315246
v -0.010632 -0.00933671 -0.08562046
v -0.010628 0.00239429 -0.09846046
v -0.010625 -0.00432771 -0.05627846
v -0.010615 0.02864829 -0.06066046
v -0.010613 0.00887729 -0.06544346
v -0.010612 -0.01582371 -0.09907046
v -0.01061 0.02444929 -0.07696046
v -0.010604 -0.00912171 -0.06650346
v -0.010582 0.03409329 -0.05548646
v -0.010579 0.02804529 -0.06557746
v -0.010574 0.02875229 -0.05971546
v -0.01057 -0.03683371 -0.11611246
v -0.010568 0.00746529 -0.07691046
v -0.010568 0.00781929 -0.06048946
v -0.010556 -0.00597971 -0.06986246
v -0.010552 0.02897929 -0.07076346
v -0.010543 -0.00668471 -0.07717046
v -0.010537 0.00216329 -0.09984346
v -0.010537 0.00871229 -0.06620446
v -0.010531 0.02989529 -0.08035946
v -0.010524 -0.01168571 -0.10380346
v -0.010519 0.03289329 -0.05897946
v -0.010505 -0.01493671 -0.08984346
v -0.010498 0.03885629 -0.06761246
v -0.010496 0.00444229 -0.08003346
v -0.010494 0.02679729 -0.08266646
v -0.010484 0.02251729 -0.08047446
v -0.010483 0.00583729 -0.07227746
v -0.010482 -0.00936671 -0.08680446
v -0.010479 0.03387029 -0.07692346
v -0.010467 -0.00041771 -0.09573946
v -0.010467 0.00471529 -0.07897846
v -0.010461 0.02868329 -0.07304246
v -0.010449 -0.01217871 -0.08305946
v -0.010445 -0.00430971 -0.05767846
v -0.010432 0.03590129 -0.07456346
v -0.010431 0.02932429 -0.05609046
v -0.01042 0.03290429 -0.07823546
v -0.010406 0.02783929 -0.06794246
v -0.010402 0.01091729 -0.06316346
v -0.01036 -0.00458271 -0.06378546
v -0.010351 0.00776929 -0.05930046
v -0.010344 -0.00041471 -0.09477146
v -0.010307 0.00519729 -0.09149246
v -0.010304 0.02235029 -0.08448146
v -0.010302 -0.01168171 -0.07395146
v -0.010293 -0.01632971 -0.10682246
v -0.010269 0.02656329 -0.07352046
v -0.01026 -0.00590671 -0.07062446
v -0.010254 -0.01163971 -0.10214146
v -0.010243 0.02383729 -0.08504946
v -0.010239 0.03117129 -0.11616046
v -0.010235 -0.01324871 -0.09543846
v -0.010226 -0.00811171 -0.06094146
v -0.010226 0.00950429 -0.05709646
v -0.010222 0.04178329 -0.11637946
v -0.010221 -0.01488571 -0.09093646
v -0.010211 0.03807929 -0.07157746
v -0.01021 -0.00406471 -0.05849846
v -0.010195 0.02087829 -0.08390246
v -0.010184 0.01091729 -0.06212846
v -0.010175 0.03921229 -0.06356746
v -0.010169 0.03433429 -0.05884246
v -0.010144 0.00097029 -0.10729846
v -0.010137 0.02583029 -0.11568746
v -0.01013 -0.00670071 -0.07829546
v -0.01012 0.03586729 -0.05534346
v -0.010107 -0.00553171 -0.05915346
v -0.010107 0.02314529 -0.07615446
v -0.010107 0.02828829 -0.08338046
v -0.010102 0.00351829 -0.08714846
v -0.010091 0.02110529 -0.07976146
v -0.010069 0.00078129 -0.09584646
v -0.010068 0.01039229 -0.06843746
v -0.01003 0.02706829 -0.06100646
v -0.01003 0.02794429 -0.05625046
v -0.010023 -0.00803171 -0.06009246
v -0.010007 0.03131829 -0.08122446
v -0.010006 0.00488029 -0.09247946
v -0.010006 0.02534329 -0.08559246
v -0.010003 0.02689629 -0.06320646
v -0.010002 0.02774629 -0.07013146
v -0.009993 -0.01059271 -0.06779146
v -0.00998 0.03598329 -0.06020446
v -0.009975 -0.01315271 -0.09467946
v -0.009975 0.02709329 -0.06000046
v -0.009972 -0.01287771 -0.10363546
v -0.009971 -0.01073571 -0.08546946
v -0.009969 0.00337429 -0.08822346
v -0.009963 0.00090629 -0.09490046
v -0.009945 -0.00552971 -0.05620446
v -0.00993 0.00391229 -0.09866046
v -0.00992 0.02671029 -0.06543546
v -0.009917 0.00251229 -0.10584446
v -0.0099 0.00923829 -0.06053146
v -0.00988 0.01938629 -0.08332646
v -0.009867 0.00953029 -0.07622546
v -0.009863 0.01018029 -0.06952446
v -0.009842 0.02751729 -0.07217746
v -0.009833 0.00597929 -0.08038146
v -0.009803 0.00372229 -0.10012146
v -0.009794 -0.00803971 -0.07714146
v -0.00978 0.02080929 -0.11440646
v -0.00978 0.02105729 -0.08748646
v -0.009775 -0.01363371 -0.08169046
v -0.009773 0.01659729 -0.05600946
v -0.009765 0.03533029 -0.07810546
v -0.009754 0.00927529 -0.05940646
v -0.009753 0.03736029 -0.07533546
v -0.00974 0.01958029 -0.08710946
v -0.00972 0.02656929 -0.06761146
v -0.009718 0.03433129 -0.07938546
v -0.009703 -0.01082371 -0.08658746
v -0.009703 -0.00728871 -0.06977946
v -0.009693 -0.00055171 -0.10224746
v -0.009658 0.02256029 -0.08788646
v -0.009645 -0.01129471 -0.07482646
v -0.009626 -0.00079271 -0.10354346
v -0.009625 -0.01013071 -0.06643746
v -0.009605 0.00712229 -0.07118146
v -0.0096 0.00806529 -0.08417046
v -0.009596 -0.01261671 -0.10203846
v -0.009596 0.00601529 -0.07937646
v -0.00958 0.01212529 -0.06348146
v -0.009564 0.02694329 -0.08614646
v -0.009546 -0.01809571 -0.10555346
v -0.009542 0.03592129 -0.05884346
v -0.009536 0.02545029 -0.07274246
v -0.009531 -0.00797071 -0.07820646
v -0.009527 0.02977429 -0.08408446
v -0.009514 0.04058729 -0.06794246
v -0.009508 0.01807029 -0.08670346
v -0.009494 -0.01669071 -0.09773646
v -0.00948 0.01975829 -0.07910646
v -0.009478 0.00990729 -0.06572946
v -0.009456 0.00983229 -0.06651746
v -0.009443 0.00883429 -0.07713546
v -0.009434 -0.00535971 -0.05843146
v -0.009434 0.01089729 -0.05706346
v -0.009429 0.03746329 -0.05528246
v -0.00942 -0.00571971 -0.06479546
v -0.009414 -0.01682971 -0.09916646
v -0.009405 0.00198829 -0.09594946
v -0.009403 0.01218229 -0.06231046
v -0.009386 0.00675329 -0.07223946
v -0.00938 0.00490729 -0.08742546
v -0.009368 0.02414829 -0.08825746
v -0.009367 0.02189129 -0.07540546
v -0.009363 0.01795229 -0.08281646
v -0.009341 -0.01264871 -0.07409046
v -0.009341 0.02643729 -0.05648846
v -0.009317 0.00472429 -0.08841846
v -0.009316 0.00769729 -0.08527546
v -0.009293 0.03154029 -0.05182246
v -0.009291 0.03273229 -0.08212646
v -0.009285 0.02569129 -0.06116446
v -0.009284 0.02656729 -0.06961946
v -0.00928 -0.00898871 -0.06107646
v -0.009278 -0.00643971 -0.05908646
v -0.009277 -0.00723471 -0.07041546
v -0.009256 0.02570829 -0.06018046
v -0.009255 0.00205529 -0.09509446
v -0.00925 0.03978029 -0.07211846
v -0.009233 0.00208829 -0.10726846
v -0.009232 0.02557129 -0.06326046
v -0.009216 0.02432929 -0.11429846
v -0.009209 0.02871829 -0.11506346
v -0.009208 -0.00895871 -0.06024446
v -0.009193 0.03310129 -0.05161846
v -0.00918 0.02994329 -0.05201146
v -0.009176 -0.00648871 -0.05613446
v -0.009151 -0.00921171 -0.07695246
v -0.009144 0.03727829 -0.05996546
v -0.009141 0.01048329 -0.06076046
v -0.009137 -0.01326371 -0.08287146
v -0.009135 0.04084029 -0.06366346
v -0.009113 0.02544829 -0.06535246
v -0.009101 -0.00889071 -0.06987046
v -0.009097 -0.01402371 -0.10357846
v -0.009065 0.00223429 -0.11628246
v -0.009062 0.03645229 -0.07898646
v -0.009044 0.01914129 -0.09022046
v -0.009043 -0.00538271 -0.06378246
v -0.009037 -0.00920071 -0.07799746
v -0.009028 -0.01415171 -0.09545346
v -0.009021 0.02076629 -0.09033146
v -0.00902 0.01661929 -0.08633846
v -0.008994 0.02646629 -0.07149346
v -0.008975 0.03552129 -0.08031346
v -0.008946 0.02847529 -0.08667346
v -0.008935 -0.01166171 -0.06771946
v -0.008929 0.00502029 -0.09908546
v -0.008928 0.00046329 -0.10234246
v -0.008924 -0.01167971 -0.08554246
v -0.008904 -0.01809471 -0.10658646
v -0.008901 0.02861829 -0.05219346
v -0.008892 0.01761629 -0.09009546
v -0.008883 0.00038429 -0.10354346
v -0.008881 0.02580529 -0.08868946
v -0.00888 -0.00882871 -0.07058346
v -0.008873 0.02538329 -0.06737346
v -0.008865 0.00654729 -0.09183146
v -0.008833 0.02234929 -0.09042446
v -0.00883 0.01036429 -0.05961346
v -0.008829 0.03887329 -0.07609946
v -0.008826 0.03480529 -0.05138846
v -0.00882 0.00319729 -0.09632246
v -0.008806 -0.01609171 -0.08975446
v -0.008789 0.00364829 -0.10586446
v -0.008779 0.03720329 -0.05893246
v -0.008743 0.03120229 -0.08478646
v -0.008728 -0.01224171 -0.07488846
v -0.008694 -0.01399371 -0.09466746
v -0.008683 0.01851529 -0.07852946
v -0.008678 0.01666429 -0.08237746
v -0.008662 -0.00615571 -0.05849546
v -0.008651 0.00475329 -0.10034746
v -0.008648 -0.01370471 -0.10192446
v -0.008613 0.01195329 -0.05710646
v -0.00861 0.00703829 -0.08035946
v -0.008588 0.00312129 -0.09548146
v -0.008586 0.01140629 -0.06869046
v -0.008565 0.03886329 -0.05525546
v -0.008561 -0.01585771 -0.09089746
v -0.008534 0.01613829 -0.08998146
v -0.008529 0.02392229 -0.09052446
v -0.008528 0.01129129 -0.06969646
v -0.008522 -0.01057171 -0.07790446
v -0.00852 -0.01173271 -0.08663146
v -0.008518 0.02437529 -0.07199446
v -0.008512 -0.00728471 -0.05906046
v -0.008509 0.00716029 -0.07938546
v -0.008506 0.00609929 -0.09272746
v -0.008503 -0.01114271 -0.06655346
v -0.008498 0.03340229 -0.11505646
v -0.008456 0.02073129 -0.07480046
v -0.008441 0.02509929 -0.05673546
v -0.008437 -0.00688571 -0.06493946
v -0.008435 0.02545729 -0.06923346
v -0.008434 0.02740529 -0.05240646
v -0.008433 0.01731529 -0.11321946
v -0.008425 0.00193929 -0.10362646
v -0.008408 0.03404929 -0.08295946
v -0.008402 0.00792029 -0.07143146
v -0.008397 -0.00718671 -0.05609346
v -0.008394 0.01070129 -0.06599546
v -0.00839 0.03589329 -0.11570346
v -0.008376 0.01534829 -0.08598446
v -0.00837 0.02446329 -0.06151146
v -0.008367 -0.01121471 -0.05327146
v -0.00836 0.01066029 -0.06677646
v -0.008356 -0.00972771 -0.07019646
v -0.008348 0.01065229 -0.07650846
v -0.008347 0.01162929 -0.06081546
v -0.008334 0.03837629 -0.05992846
v -0.008331 0.00605729 -0.08749446
v -0.008319 -0.01475171 -0.08134846
v -0.008316 -0.01033271 -0.07694546
v -0.008302 0.00202229 -0.10241746
v -0.008293 0.02437529 -0.06339346
v -0.008285 0.02442929 -0.06043646
v -0.008277 0.02733129 -0.08902646
v -0.008274 0.00772529 -0.07247346
v -0.008243 -0.01361871 -0.07411746
v -0.008218 0.00286129 -0.05974046
v -0.008212 -0.00645771 -0.06384146
v -0.008209 0.03639229 -0.05126446
v -0.0082 0.00606529 -0.08850746
v -0.008197 -0.00758671 -0.11016746
v -0.008197 -0.00651771 -0.11011746
v -0.008186 0.04225229 -0.06830546
v -0.008168 0.02126729 -0.11259046
v -0.008165 0.03762229 -0.07976446
v -0.008154 0.00912529 -0.08424146
v -0.008153 0.00318929 -0.10725746
v -0.008147 -0.00978571 -0.06102946
v -0.008145 0.02431329 -0.06534346
v -0.008134 0.01001929 -0.07737246
v -0.008128 0.02990929 -0.08719546
v -0.008109 -0.00548671 -0.11007646
v -0.008102 0.02544929 -0.09063446
v -0.008089 -0.00886171 -0.11017746
v -0.008082 -0.00959171 -0.06016346
v -0.008059 0.01096629 -0.11406946
v -0.008036 0.03673029 -0.08111046
v -0.008029 0.09897329 0.00172454
v -0.008015 0.01143629 -0.05961246
v -0.008005 0.04150829 -0.07272346
v -0.008004 0.02550229 -0.07093646
v -0.00798 0.01479629 -0.08989446
v -0.00797 -0.00967571 -0.07087146
v -0.007955 -0.00442571 -0.11001646
v -0.007952 -0.01011371 -0.11019046
v -0.007942 -0.00696471 -0.05840646
v -0.00788 0.02433329 -0.06722846
v -0.007877 -0.00802471 -0.05894746
v -0.007874 0.03829829 -0.05896546
v -0.007872 0.00871529 -0.08535446
v -0.007855 0.01879229 -0.09338046
v -0.007833 0.02050229 -0.09321246
v -0.00783 -0.01537171 -0.10324146
v -0.007802 5.29e-06 -0.05959746
v -0.00779 -0.01243471 -0.06773746
v -0.007781 0.02620929 -0.05269946
v -0.007773 0.02185329 -0.09296046
v -0.007769 0.00441329 -0.09680146
v -0.007765 -0.01438671 -0.08252646
v -0.007757 -0.00354671 -0.10998946
v -0.007747 0.03253629 -0.08543746
v -0.00773 -0.01504871 -0.09503546
v -0.007726 0.04234529 -0.06378246
v -0.00771 0.01543729 -0.08191446
v -0.007698 -0.01140971 -0.11019546
v -0.007682 0.01735729 -0.07798646
v -0.007669 -0.01834271 -0.09760446
v -0.007663 -0.00760171 -0.05598646
v -0.00764 0.00302229 -0.10359046
v -0.007633 0.02554129 -0.11213946
v -0.007626 0.02672029 -0.09072246
v -0.007595 -0.01299471 -0.07493046
v -0.007593 -0.00794371 -0.06494746
v -0.007575 -0.01267771 -0.08558146
v -0.007571 0.02386729 -0.11185646
v -0.007568 0.01717729 -0.09363646
v -0.007567 0.00800429 -0.08051446
v -0.007558 0.02719929 -0.11269646
v -0.00755 0.00829629 -0.07959246
v -0.007539 0.02351229 -0.07152246
v -0.007521 0.02338829 -0.09284646
v -0.007513 0.01334429 -0.06337846
v -0.007507 0.04012029 -0.05527246
v -0.007499 0.02873229 -0.08936246
v -0.007497 0.01414229 -0.08560646
v -0.007495 -0.01516871 -0.10180246
v -0.007487 0.01350729 -0.06232446
v -0.007486 0.03806729 -0.11514046
v -0.00748 -0.00263371 -0.10998946
v -0.007474 0.04045829 -0.07692146
v -0.007464 -0.00756971 -0.06401246
v -0.007459 0.02450329 -0.06896346
v -0.007455 0.01990429 -0.11202746
v -0.007442 -0.01970171 -0.10544046
v -0.007439 -0.01121571 -0.07683846
v -0.007436 -0.00103871 -0.05956246
v -0.00743 -0.00771871 -0.05814946
v -0.007419 0.00423729 -0.09597846
v -0.007418 0.03770929 -0.05126346
v -0.007413 -0.01824371 -0.09901446
v -0.007407 0.00304429 -0.10252346
v -0.007387 0.02395929 -0.05708846
v -0.007365 -0.01036171 -0.07034046
v -0.007332 -0.01184971 -0.06669046
v -0.007323 0.01965729 -0.07422546
v -0.00732 -0.01476371 -0.09430046
v -0.007315 0.00593329 -0.05996646
v -0.0073 0.01232429 -0.05898346
v -0.007282 0.03966329 -0.05996346
v -0.007273 0.03528129 -0.08370646
v -0.007272 0.00762229 -0.09198246
v -0.007266 0.02458829 -0.09271646
v -0.007253 -0.01142571 -0.07776146
v -0.007249 0.02334329 -0.06183446
v -0.007244 -0.01293371 -0.11021146
v -0.007239 0.00485529 -0.10605046
v -0.007193 0.02332429 -0.06355846
v -0.007192 0.01351829 -0.08976546
v -0.007165 0.00885329 -0.07137146
v -0.007153 0.02332029 -0.06070046
v -0.007133 -0.01265271 -0.08674446
v -0.007132 -0.00172071 -0.10997846
v -0.00712 0.01327529 -0.05719946
v -0.007101 -0.02803271 -0.11849946
v -0.007076 0.03124729 -0.08765846
v -0.007074 0.00601129 -0.09959046
v -0.007061 0.02917029 -0.11265446
v -0.007054 -0.07244571 -0.08993746
v -0.007048 -0.03683871 -0.11668746
v -0.007048 0.01605129 -0.09386446
v -0.007047 0.00848029 -0.07216546
v -0.007027 0.02335329 -0.06538746
v -0.007026 -0.00836871 -0.05888746
v -0.007009 0.02471429 -0.07055846
v -0.006999 -0.01018471 -0.07102646
v -0.006997 -0.01972171 -0.10643546
v -0.00699 0.01240429 -0.06901146
v -0.006988 0.00709529 -0.09286246
v -0.006986 0.03121729 -0.11286046
v -0.006979 0.02291229 -0.11113146
v -0.00695 -0.04369471 -0.11454246
v -0.006939 -0.00197471 -0.05944946
v -0.006934 0.02510429 -0.05299046
v -0.006925 0.01223029 -0.07003046
v -0.006903 0.01290529 -0.06082046
v -0.006896 -0.01441771 -0.07403946
v -0.006895 -0.01732271 -0.08960046
v -0.006893 0.09804229 -0.06256546
v -0.006877 0.02812029 -0.09090646
v -0.006875 -0.01064771 -0.06077846
v -0.006855 -0.00799371 -0.05588346
v -0.006828 0.02587929 -0.09267646
v -0.006793 0.00679629 -0.08728446
v -0.006791 -0.00881871 -0.06500246
v -0.006783 -0.01540671 -0.08104546
v -0.006782 -0.01036071 -0.05985746
v -0.006778 0.00099329 -0.11655246
v -0.006758 0.00689329 -0.08830646
v -0.006754 0.03946629 -0.05906446
v -0.006748 0.02347529 -0.06715146
v -0.006738 0.00431229 -0.10735446
v -0.00672 -0.01707771 -0.09074246
v -0.006711 -0.00078671 -0.10992346
v -0.00669 0.01151929 -0.07657246
v -0.006658 0.00540329 -0.10073146
v -0.006656 0.01265029 -0.05970246
v -0.006604 -0.00798171 -0.05810746
v -0.006576 0.03871229 -0.05132046
v -0.006574 0.01444029 -0.08147646
v -0.006569 0.01145529 -0.06682646
v -0.006561 0.01142629 -0.06597346
v -0.006557 0.01085329 -0.07753846
v -0.006555 -0.00849571 -0.06424746
v -0.006541 -0.01452671 -0.11017246
v -0.006533 0.03369829 -0.08598746
v -0.006532 0.03906629 -0.08073146
v -0.006529 -0.00898271 -0.11839946
v -0.006523 -0.00817171 -0.05719146
v -0.006522 0.01635629 -0.07752046
v -0.006522 0.04368529 -0.06866046
v -0.006509 -0.05349171 -0.10963846
v -0.006473 -0.01318971 -0.06767146
v -0.006464 0.04187029 -0.11312246
v -0.006429 0.01496029 -0.09392346
v -0.006428 0.02280129 -0.07108846
v -0.006422 0.03811829 -0.08202446
v -0.006413 0.01305529 -0.08525746
v -0.006408 0.03019329 -0.08965846
v -0.006404 0.02698929 -0.09254646
v -0.006386 -0.01076171 -0.07039946
v -0.006377 0.02371329 -0.06876646
v -0.006373 -0.01518971 -0.08224446
v -0.006359 0.04305429 -0.07330246
v -0.006344 0.02193929 -0.11070446
v -0.006303 -0.01365671 -0.08543946
v -0.006293 0.03333729 -0.11242246
v -0.006288 0.01940029 -0.11145946
v -0.006276 -0.02720071 -0.11657846
v -0.006258 0.02305829 -0.05744346
v -0.006256 -0.01954971 -0.11423446
v -0.006242 -0.02141571 -0.11476746
v -0.006242 -0.01364671 -0.07485446
v -0.006238 -0.06075871 -0.10428446
v -0.006234 0.01015929 -0.08430246
v -0.006234 0.04116029 -0.05522646
v -0.006233 -0.01160771 -0.07699646
v -0.006231 -0.01811671 -0.11723746
v -0.006181 0.00893029 -0.07972746
v -0.00618 0.01236429 -0.08960646
v -0.006175 -0.02517771 -0.11455046
v -0.006163 -0.03563571 -0.11546546
v -0.006151 -0.01685271 -0.11485046
v -0.006144 0.04351629 -0.06393346
v -0.006128 0.00019129 -0.10985146
v -0.006126 -0.01255271 -0.06665446
v -0.006113 0.01885029 -0.07372846
v -0.006093 0.00973229 -0.08538646
v -0.006086 -0.01062271 -0.07114246
v -0.006071 0.00847129 -0.08061246
v -0.006065 0.02246429 -0.06209646
v -0.006063 -0.00849771 -0.05580146
v -0.006035 -0.02736771 -0.11394446
v -0.006013 0.02249229 -0.06371546
v -0.00601 -0.04254171 -0.11406246
v -0.006009 0.02420829 -0.05322446
v -0.006004 0.00527129 -0.09688846
v -0.005979 0.00867529 -0.09187646
v -0.005972 -0.02943271 -0.11429346
v -0.005968 0.02243829 -0.06094546
v -0.005963 -0.01618471 -0.09468346
v -0.005938 -0.01362071 -0.08658446
v -0.005937 0.02408729 -0.07025146
v -0.005928 -0.01676271 -0.10347646
v -0.005904 -0.00878171 -0.05886446
v -0.005903 0.01439029 -0.06375646
v -0.005892 0.02948729 -0.09104946
v -0.005878 -0.02442171 -0.11667046
v -0.005877 -0.02260571 -0.11613046
v -0.005872 -0.01168371 -0.07790046
v -0.005869 0.01002629 -0.07177946
v -0.005865 -0.02429271 -0.11783746
v -0.005863 0.01454829 -0.06259346
v -0.00586 0.03235529 -0.08801546
v -0.005858 -0.03304671 -0.11389146
v -0.005854 -0.01221871 -0.11477146
v -0.005854 0.04081929 -0.05993346
v -0.005852 0.00967329 -0.07257946
v -0.005849 0.03529029 -0.11231846
v -0.005848 0.02259029 -0.06546146
v -0.005837 0.02724529 -0.10962746
v -0.005836 -0.02260971 -0.11340946
v -0.005834 -0.02451971 -0.11602646
v -0.005831 -0.02012371 -0.11352046
v -0.005828 -0.02459771 -0.11329946
v -0.005824 0.00365529 -0.10385846
v -0.005801 0.04386929 -0.11231246
v -0.0058 -0.01732271 -0.11358646
v -0.005782 -0.02206471 -0.11684546
v -0.005782 0.03639529 -0.08437746
v -0.00578 0.03066029 -0.04898746
v -0.005772 -0.02507871 -0.11553346
v -0.005772 0.03171729 -0.04886146
v -0.005769 0.00508229 -0.09588746
v -0.005763 0.02264729 -0.09582246
v -0.005747 -0.02678271 -0.11779146
v -0.005744 0.02818529 -0.09249646
v -0.005736 0.00819729 -0.09275246
v -0.00573 -0.02682571 -0.11584546
v -0.005729 -0.01574071 -0.09409346
v -0.005719 -0.02749471 -0.11319846
v -0.005715 -0.02670571 -0.11892146
v -0.005715 -0.00943971 -0.11698646
v -0.005714 -0.02442671 -0.11494546
v -0.00571 0.04181929 -0.07765446
v -0.005699 -0.02680071 -0.11635646
v -0.005699 -0.02176571 -0.11807146
v -0.005694 0.02150729 -0.09615146
v -0.00569 0.02973529 -0.04911646
v -0.005689 -0.01128471 -0.06065446
v -0.00568 -0.00948771 -0.06506146
v -0.005678 -0.03664271 -0.11339846
v -0.005677 -0.02414871 -0.11894046
v -0.00567 0.02390129 -0.09553246
v -0.005669 0.04813029 -0.11067046
v -0.005659 -0.02265871 -0.11427646
v -0.00564 -0.03473771 -0.11321146
v -0.005634 -0.02691671 -0.11525246
v -0.005619 -0.00826971 -0.05793946
v -0.005606 0.01398629 -0.09400246
v -0.005605 -0.02449071 -0.11397446
v -0.005602 -0.01594271 -0.11007846
v -0.005592 -0.01096771 -0.05975146
v -0.00559 -0.02012971 -0.11447546
v -0.005571 0.02281529 -0.06712246
v -0.005563 0.03297329 -0.04873546
v -0.005562 -0.01994471 -0.11591046
v -0.005559 0.02489129 -0.09523246
v -0.005556 -0.02708271 -0.11459846
v -0.005555 0.02853529 -0.10990046
v -0.005544 -0.01647671 -0.10179346
v -0.005517 -0.02168771 -0.11907346
v -0.005508 -0.02730571 -0.11373746
v -0.005503 0.02609829 -0.10964846
v -0.0055 -0.03983971 -0.11287246
v -0.0055 0.03964329 -0.05139846
v -0.005495 -0.01977371 -0.11682946
v -0.005489 -0.05244271 -0.10985246
v -0.005488 0.02051529 -0.09651146
v -0.005486 0.02987929 -0.10972246
v -0.005484 0.00586729 -0.10620746
v -0.005481 -0.03017871 -0.11295246
v -0.00548 -0.01026171 -0.11443346
v -0.005471 0.02872229 -0.04930146
v -0.005468 0.04044629 -0.05895146
v -0.005466 -0.00917871 -0.06428346
v -0.005457 0.01723829 -0.11194046
v -0.005442 0.00767529 -0.08813446
v -0.00544 0.02496329 -0.10927546
v -0.005439 0.00346129 -0.10291546
v -0.005438 -0.01280771 -0.11373246
v -0.005431 0.01424129 -0.05714646
v -0.005425 0.00116429 -0.10981646
v -0.005414 0.01335229 -0.06989646
v -0.005412 -0.01738271 -0.11454746
v -0.005412 0.01367229 -0.08119646
v -0.005398 0.01329729 -0.06887946
v -0.005379 0.00775029 -0.08718346
v -0.005372 -0.01934071 -0.09747146
v -0.005366 0.01570529 -0.07722146
v -0.005359 0.02128729 -0.11033846
v -0.005355 -0.01944071 -0.11810946
v -0.005344 0.02590129 -0.09495146
v -0.005334 -0.01506471 -0.07386546
v -0.005324 -0.02884671 -0.11637846
v -0.005322 -0.03242471 -0.11271546
v -0.005301 0.01376829 -0.06100946
v -0.00528 0.02791029 -0.04951846
v -0.005264 0.02214629 -0.07074946
v -0.005257 0.01225929 -0.08505846
v -0.005251 -0.01513171 -0.11454746
v -0.005247 -0.03015571 -0.11339646
v -0.005245 0.01953829 -0.09681446
v -0.005241 -0.02913971 -0.11767346
v -0.005234 0.00026529 -0.11657846
v -0.005228 0.02313529 -0.06858446
v -0.005221 -0.01115971 -0.07040446
v -0.005208 0.03128129 -0.08983846
v -0.005203 -0.01732471 -0.11573546
v -0.005202 0.03710029 -0.11160646
v -0.00519 -0.00790271 -0.11495046
v -0.005188 -0.03010671 -0.11411046
v -0.005187 -0.04469071 -0.11197146
v -0.005172 0.03416029 -0.04864146
v -0.00517 -0.04199171 -0.11217646
v -0.005169 -0.03458871 -0.11249946
v -0.005161 -0.01051571 -0.11388546
v -0.005141 -0.00896071 -0.05556546
v -0.00514 -0.01437471 -0.08512946
v -0.005137 -0.02938271 -0.11899646
v -0.005137 0.03464629 -0.08643946
v -0.005131 0.00255529 -0.06001446
v -0.00513 0.02233929 -0.05774146
v -0.005118 -0.03031171 -0.11464346
v -0.00511 0.00527229 -0.10739946
v -0.005103 -0.01721071 -0.11674946
v -0.005103 0.02677129 -0.09469246
v -0.005093 0.01152529 -0.08952546
v -0.005071 -0.01936471 -0.09878046
v -0.005064 -0.01378271 -0.06757146
v -0.005063 -0.02408671 -0.11932246
v -0.005062 0.01077029 -0.11411246
v -0.005049 -0.02658971 -0.11940546
v -0.005043 -0.01929571 -0.11912946
v -0.005038 -0.01093771 -0.07119546
v -0.005033 -0.03655071 -0.11229546
v -0.00503 0.01236329 -0.06686246
v -0.005029 0.01341629 -0.05986346
v -0.005026 0.01238429 -0.06603746
v -0.005018 0.04189729 -0.05520146
v -0.005017 0.01838329 -0.07342246
v -0.005003 -0.03059971 -0.11513146
v -0.004994 -0.06382871 -0.10111846
v -0.004969 -0.03255171 -0.11310646
v -0.004961 -0.02086471 -0.10549746
v -0.004955 0.00717229 -0.09979946
v -0.004951 -0.01699371 -0.11804846
v -0.004945 0.02923729 -0.09247146
v -0.004933 0.02726129 -0.04964646
v -0.004924 0.02185029 -0.06232546
v -0.004909 0.02421429 -0.10911146
v -0.004907 0.03044329 -0.09111146
v -0.004902 0.00098329 -0.05980146
v -0.0049 -0.01499071 -0.11561146
v -0.004896 0.02340629 -0.05347046
v -0.004887 -0.01323371 -0.06651346
v -0.004869 -0.01835571 -0.08953246
v -0.004869 0.01212129 -0.07667246
v -0.004866 -0.00936971 -0.05876846
v -0.004865 0.05494729 -0.10754346
v -0.004853 0.02191029 -0.06385646
v -0.004837 0.02181029 -0.06115446
v -0.00483 -0.03092271 -0.11557746
v -0.00483 -0.01433771 -0.08624546
v -0.004824 0.02349629 -0.06995946
v -0.004819 0.03880629 -0.11134146
v -0.004815 -0.03887971 -0.11205546
v -0.004812 -0.03254171 -0.11382046
v -0.004809 -0.01832471 -0.09075046
v -0.004805 -0.00857171 -0.11395046
v -0.00478 -0.02172871 -0.11933046
v -0.00478 -0.01421871 -0.07470546
v -0.004775 0.02756629 -0.09454046
v -0.004773 0.01850129 -0.09721346
v -0.00477 -0.01195571 -0.07700146
v -0.004765 -0.02071471 -0.10644646
v -0.004763 0.04145929 -0.06002246
v -0.004747 -0.01600171 -0.08109646
v -0.004747 -0.01484371 -0.11670246
v -0.004736 0.01150829 -0.07760146
v -0.004724 -0.03468971 -0.11286746
v -0.004721 0.02206529 -0.06552746
v -0.004718 -0.00892671 -0.05780646
v -0.004711 0.04005329 -0.08150246
v -0.004699 -0.01016971 -0.06507146
v -0.004699 0.03517729 -0.04860546
v -0.004683 -0.01278871 -0.11547746
v -0.004659 0.01326129 -0.09413246
v -0.004648 -0.03264971 -0.11441546
v -0.004645 0.01155829 -0.07194646
v -0.004644 0.00035429 -0.05973646
v -0.004637 -0.03106071 -0.11591446
v -0.004606 -0.01467671 -0.11801846
v -0.004602 -0.01685271 -0.11919846
v -0.004593 0.03906329 -0.08274446
v -0.004572 -0.04186771 -0.11176946
v -0.004549 0.00823629 -0.06037646
v -0.004548 0.00649729 -0.10081446
v -0.004545 0.03318229 -0.08824246
v -0.004543 -0.05845971 -0.10641046
v -0.004542 -0.01575471 -0.08224446
v -0.004542 0.04031529 -0.05149246
v -0.00454 -0.00983671 -0.06433446
v -0.004536 0.00214129 -0.10979146
v -0.004532 -0.01712371 -0.10987746
v -0.004523 0.02237529 -0.06712046
v -0.004522 0.03183829 -0.10974546
v -0.004508 -0.01170871 -0.06065946
v -0.0045 -0.03663271 -0.11269846
v -0.004498 -0.01064171 -0.11548046
v -0.004496 0.00438529 -0.06018346
v -0.004492 0.04447429 -0.10995346
v -0.00449 0.04473329 -0.06892546
v -0.004481 -0.05160771 -0.11000646
v -0.004479 0.04099429 -0.05899746
v -0.004474 0.03357629 -0.10919646
v -0.004473 -0.01270071 -0.11662946
v -0.004464 -0.00445471 -0.05937246
v -0.004464 0.01111629 -0.07262446
v -0.004464 0.02825129 -0.09435146
v -0.004453 -0.03474871 -0.11364346
v -0.004453 0.02041029 -0.11030646
v -0.004443 -0.03276871 -0.11489346
v -0.004419 0.02176429 -0.07051546
v -0.004418 0.02648029 -0.04983046
v -0.004406 -0.02410171 -0.11909046
v -0.004397 0.00955029 -0.08012346
v -0.004381 -0.01188671 -0.07800346
v -0.004376 -0.04464271 -0.11144646
v -0.004375 -0.00026671 -0.11572346
v -0.004368 0.00635529 -0.09686546
v -0.004367 0.02358529 -0.10882746
v -0.004364 -0.00015271 -0.05983046
v -0.004357 0.00905129 -0.08096846
v -0.004352 -0.01136171 -0.05982446
v -0.004339 -0.01940671 -0.11935046
v -0.004338 0.00955829 -0.09168246
v -0.004335 -0.00862971 -0.11545646
v -0.004332 -0.02922771 -0.11931746
v -0.004329 -0.01058871 -0.11659546
v -0.004328 0.04443129 -0.06405746
v -0.004324 -0.01256971 -0.11787646
v -0.004317 0.01061129 -0.08412146
v -0.004296 -0.00263771 -0.11461446
v -0.004294 -0.03147371 -0.11717046
v -0.00428 0.02280129 -0.06849646
v -0.004277 -0.02653271 -0.11922046
v -0.004269 0.00613229 -0.09581446
v -0.004266 -0.03482871 -0.11431946
v -0.00425 0.04419329 -0.07374046
v -0.004249 -0.03889071 -0.11251546
v -0.004243 -0.01734171 -0.09462646
v -0.004238 0.03579229 -0.04857646
v -0.004225 -0.00858071 -0.11657546
v -0.004223 -0.00678871 -0.11418146
v -0.00422 -0.03285271 -0.11524346
v -0.0042 -0.00845671 -0.11755146
v -0.004199 0.01030129 -0.08510846
v -0.004195 0.00923529 -0.09261446
v -0.004195 0.02997029 -0.09243546
v -0.004189 -0.02180071 -0.11899746
v -0.004189 -0.01049171 -0.11765746
v -0.004171 -0.00648071 -0.11732146
v -0.004159 -0.00657371 -0.11649746
v -0.004159 0.04967829 -0.10575046
v -0.004157 -0.03673871 -0.11363746
v -0.004142 -0.00666871 -0.11532046
v -0.004128 -0.01786071 -0.10321946
v -0.004108 0.03720929 -0.08488046
v -0.004104 -0.03188271 -0.11853646
v -0.004102 0.01770129 -0.09763546
v -0.004094 0.02181929 -0.05795246
v -0.004091 -0.01181471 -0.07037346
v -0.004083 0.01303729 -0.08093046
v -0.004069 -0.03486271 -0.11479746
v -0.004043 -0.01245171 -0.11882446
v -0.004037 0.02322529 -0.06984846
v -0.004036 -0.00470271 -0.11694146
v -0.004027 -0.01682071 -0.09395846
v -0.004017 0.01518429 -0.07696246
v -0.004017 0.02899629 -0.09418446
v -0.003999 -0.04198971 -0.11221746
v -0.003989 -0.01691671 -0.11948646
v -0.003987 -0.00834771 -0.11832546
v -0.003983 0.01499929 -0.06390146
v -0.003964 -0.00637371 -0.11804046
v -0.003961 0.03203129 -0.08986846
v -0.003958 -0.01149271 -0.07118846
v -0.003947 0.02878629 -0.10765946
v -0.003945 -0.00486671 -0.11608446
v -0.003941 0.00828629 -0.11443946
v -0.003934 -0.03680571 -0.11428946
v -0.003927 -0.00503471 -0.11515846
v -0.003918 -0.01038271 -0.11853146
v -0.003916 0.00460329 -0.10393046
v -0.003913 0.02592729 -0.05001646
v -0.003905 0.08684329 -0.08120746
v -0.00389 0.01163929 -0.08488446
v -0.003885 0.01505529 -0.06262446
v -0.003875 -0.03892271 -0.11381646
v -0.003868 -0.03295371 -0.11550246
v -0.003863 0.03996729 -0.10976046
v -0.00386 0.02279329 -0.05366946
v -0.003856 -0.00957871 -0.05548346
v -0.003818 -0.01738671 -0.10200346
v -0.003818 0.00850629 -0.08810646
v -0.003817 0.03628129 -0.04856846
v -0.003815 0.03077229 -0.10756246
v -0.003808 -0.01476971 -0.08508946
v -0.003805 -0.05055471 -0.11036746
v -0.003803 -0.02421271 -0.11829546
v -0.003791 -0.00460971 -0.11755746
v -0.00379 -0.01948871 -0.11908746
v -0.003787 -0.02195871 -0.11828046
v -0.003785 -0.06169871 -0.10380946
v -0.003777 0.01801329 -0.07323546
v -0.003774 0.09648829 -0.02170346
v -0.003767 -0.01060271 -0.06512146
v -0.003765 0.01085029 -0.08944146
v -0.003762 0.00661929 -0.10628446
v -0.003761 0.00867729 -0.08715746
v -0.003755 -0.03489271 -0.11514246
v -0.003753 -0.04550871 -0.11175546
v -0.003717 -0.00316171 -0.11384246
v -0.003699 -0.00285671 -0.11634146
v -0.003692 0.03122329 -0.09106946
v -0.003683 -0.00080771 -0.11408046
v -0.003676 -0.03687471 -0.11477946
v -0.00365 0.03506829 -0.10881046
v -0.003647 0.02716929 -0.10741046
v -0.003644 0.04247429 -0.05512246
v -0.003635 0.03532729 -0.08676046
v -0.003629 -0.00977671 -0.05881446
v -0.003624 -0.01027171 -0.06447246
v -0.003624 0.02140029 -0.06249646
v -0.003614 -0.01464971 -0.08613246
v -0.003611 -0.03891071 -0.11441546
v -0.003609 0.03645029 -0.10777746
v -0.003606 -0.02903071 -0.11904646
v -0.003593 0.01642629 -0.11207946
v -0.003589 -0.02210571 -0.11738446
v -0.00358 0.01363329 -0.06631546
v -0.00358 0.04284229 -0.07819446
v -0.003574 0.01402129 -0.06889846
v -0.003574 0.02150729 -0.06395246
v -0.003569 -0.00324671 -0.11411046
v -0.003567 0.01257829 -0.09418046
v -0.00356 -0.00304471 -0.11551746
v -0.00355 -0.04896471 -0.11104146
v -0.003547 0.01355729 -0.06707946
v -0.003539 0.02980829 -0.10777446
v -0.003536 0.02133129 -0.06127346
v -0.003534 0.01401329 -0.06974546
v -0.003519 0.00443529 -0.10296146
v -0.003515 -0.04197571 -0.11384546
v -0.003507 -0.02034971 -0.11626946
v -0.003503 -0.03326271 -0.11662546
v -0.003501 -0.01547271 -0.07368946
v -0.003495 0.02166829 -0.06554046
v -0.003493 -0.02230071 -0.11625446
v -0.003484 0.00602329 -0.10745146
v -0.003478 0.02808729 -0.10772946
v -0.003473 0.02968129 -0.09404346
v -0.00347 -0.01992471 -0.11733546
v -0.00347 -0.01242471 -0.11913946
v -0.003456 -0.02653671 -0.11839846
v -0.003451 -0.02433871 -0.11738746
v -0.003446 -0.01700971 -0.11926746
v -0.003446 -0.00827771 -0.11855646
v -0.003437 -0.00944171 -0.05780646
v -0.003429 -0.00633171 -0.11821046
v -0.003427 0.00302929 -0.10967146
v -0.003426 -0.05719071 -0.10754846
v -0.003416 0.04079329 -0.05146446
v -0.003415 -0.01963971 -0.11834146
v -0.003414 -0.01424071 -0.06713146
v -0.003412 -0.00284471 -0.11698046
v -0.003397 -0.01195371 -0.06065446
v -0.003397 0.04582829 -0.10693046
v -0.003392 0.04208629 -0.06000046
v -0.003381 0.02199029 -0.06704646
v -0.003378 -0.01247471 -0.07696646
v -0.003368 0.02144429 -0.07031846
v -0.003367 0.02323029 -0.10879246
v -0.003366 -0.01032171 -0.11875946
v -0.003354 -0.03180671 -0.11898246
v -0.003351 -0.02460571 -0.11602546
v -0.003333 -0.03495871 -0.11542446
v -0.003323 -0.00108771 -0.11366846
v -0.003319 0.04109729 -0.10859246
v -0.003309 -0.00458171 -0.11766246
v -0.003303 -0.03693771 -0.11512446
v -0.003299 -0.03889371 -0.11490846
v -0.003298 0.00142929 -0.11398946
v -0.003297 -0.04185471 -0.11463146
v -0.003297 -0.01794371 -0.11615546
v -0.00328 0.02541229 -0.05017646
v -0.003266 -0.01163371 -0.05977846
v -0.003257 -0.01801771 -0.10971746
v -0.003257 -0.01355271 -0.06626946
v -0.003256 0.00726529 -0.11425546
v -0.003252 -0.02030371 -0.09742446
v -0.003252 0.00796029 -0.09943846
v -0.003238 -0.01662371 -0.08118946
v -0.003238 0.02243329 -0.06832946
v -0.003226 0.02671329 -0.10744846
v -0.003226 0.03374029 -0.08838546
v -0.003225 0.01409429 -0.06110646
v -0.003222 0.03682529 -0.04856846
v -0.003219 -0.00102371 -0.11575046
v -0.003217 -0.01748071 -0.11736446
v -0.003217 0.04164329 -0.05886946
v -0.0032 0.03368929 -0.10695246
v -0.003199 0.07158929 -0.09706246
v -0.003198 -0.03368471 -0.11796446
v -0.003186 0.01997529 -0.11027946
v -0.003181 0.01678229 -0.09798146
v -0.003178 -0.02021871 -0.09864846
v -0.003164 -0.00114371 -0.11490146
v -0.003159 -0.01244371 -0.07794146
v -0.003149 -0.01467571 -0.11921446
v -0.003147 0.01506029 -0.05737746
v -0.003147 0.04618529 -0.10505746
v -0.00314 0.03233129 -0.10752846
v -0.003131 -0.00111471 -0.11392846
v -0.003119 0.02289329 -0.06958046
v -0.003119 0.03742229 -0.10720246
v -0.003096 0.00739829 -0.09682846
v -0.003074 -0.01587571 -0.11588146
v -0.003071 0.00719629 -0.09584546
v -0.003067 -0.01717271 -0.11847546
v -0.003052 0.03072729 -0.09234146
v -0.003037 -0.01629471 -0.08235546
v -0.003032 -0.01469171 -0.11582646
v -0.003024 -0.01469571 -0.07454846
v -0.003021 -0.01524771 -0.11722746
v -0.003019 -0.02660171 -0.11735346
v -0.003016 0.00730729 -0.10064446
v -0.003015 0.02614929 -0.10722946
v -0.00301 -0.00623171 -0.11197546
v -0.003008 0.02242529 -0.05377746
v -0.003007 -0.00677071 -0.11195446
v -0.002994 0.02142129 -0.05811246
v -0.002987 0.03015529 -0.09394246
v -0.002985 -0.01396671 -0.11555446
v -0.002984 -0.02682571 -0.11586346
v -0.002982 -0.00778371 -0.11192446
v -0.00298 -0.00288371 -0.11710546
v -0.002977 -0.00572571 -0.11200146
v -0.002976 -0.00441771 -0.11200446
v -0.002972 -0.03508371 -0.11612946
v -0.00297 -0.01258071 -0.11893246
v -0.002967 0.00242429 -0.05970146
v -0.002966 -0.00375471 -0.11200546
v -0.00296 0.01371829 -0.05989846
v -0.002957 -0.00489971 -0.11200646
v -0.002948 -0.00103171 -0.11636846
v -0.002944 -0.01313971 -0.11587446
v -0.00294 0.03838429 -0.10626446
v -0.002934 0.03238829 -0.08990246
v -0.00293 0.00167729 -0.05953146
v -0.002923 -0.00829571 -0.11828046
v -0.002915 0.04181129 -0.10707246
v -0.002913 -0.00168571 -0.06019346
v -0.002902 -0.00637571 -0.11789646
v -0.002897 -0.01330171 -0.11491846
v -0.002895 -0.02472071 -0.11478446
v -0.002893 0.01950829 -0.05616246
v -0.002892 -0.01694871 -0.11546346
v -0.002884 -0.01335971 -0.11697946
v -0.002877 -0.01936371 -0.11552346
v -0.002877 -0.01191771 -0.11598046
v -0.002871 -0.01901871 -0.08943346
v -0.002867 -0.00318071 -0.11202046
v -0.002861 -0.04785071 -0.11285046
v -0.002861 -0.04143171 -0.11536746
v -0.002861 -0.01485671 -0.11842746
v -0.002861 0.01238029 -0.07190346
v -0.002859 -0.01114171 -0.11586646
v -0.002858 0.00567729 -0.06021046
v -0.002852 -0.01897571 -0.09067146
v -0.002852 -0.01811271 -0.11551146
v -0.002849 -0.01233171 -0.11514646
v -0.002847 -0.01039971 -0.11843846
v -0.002845 -0.01410971 -0.11473746
v -0.002844 -0.03889171 -0.11514046
v -0.002839 -0.05566471 -0.10881546
v -0.002832 0.04273729 -0.10599746
v -0.002829 -0.00876671 -0.11194046
v -0.002823 -0.01034971 -0.11609546
v -0.002818 -0.01115571 -0.11532446
v -0.002818 0.03587429 -0.10589646
v -0.002813 0.03220629 -0.04790246
v -0.002812 -0.02891371 -0.11817846
v -0.002808 0.00111729 -0.11330046
v -0.002805 -0.00470271 -0.11732546
v -0.002803 -0.01024171 -0.11538546
v -0.002797 0.00550829 -0.10404646
v -0.002789 0.03059229 -0.04812346
v -0.002788 -0.03706071 -0.11525246
v -0.002787 0.00122529 -0.05929146
v -0.002783 -0.01092471 -0.11690946
v -0.00278 -0.05936471 -0.10627446
v -0.00278 -0.01515671 -0.11474446
v -0.00278 -0.00934571 -0.11529446
v -0.002779 -0.00902571 -0.11602546
v -0.002774 -0.00968171 -0.11196946
v -0.00274 -0.00257671 -0.11199346
v -0.002729 -0.00833671 -0.11531246
v -0.00272 -0.00778571 -0.11593046
v -0.002713 0.01261729 -0.07647346
v -0.002708 -0.00870871 -0.11686446
v -0.002704 -0.00724771 -0.11568746
v -0.002696 -0.00987771 -0.05551846
v -0.002693 -0.00660371 -0.11582046
v -0.00269 -0.00680671 -0.11666246
v -0.00268 -0.01284871 -0.11823546
v -0.002679 -0.01079471 -0.11194946
v -0.002677 0.01189529 -0.07255846
v -0.002667 -0.00746971 -0.11523146
v -0.002666 -0.02267771 -0.11518946
v -0.002661 -0.03155671 -0.11874346
v -0.002659 0.01259529 -0.08076546
v -0.002657 0.00117929 -0.11497446
v -0.002652 -0.02130171 -0.10531546
v -0.002652 0.02922929 -0.04840946
v -0.002645 -0.00665071 -0.11509646
v -0.002641 -0.05151071 -0.11136046
v -0.002637 0.01481929 -0.07679646
v -0.002635 0.00111129 -0.11430546
v -0.002626 -0.01407571 -0.11457046
v -0.002625 0.04079829 -0.08194946
v -0.002623 -0.00577171 -0.11561846
v -0.002623 0.01222729 -0.07750746
v -0.002619 0.00400329 -0.11342446
v -0.002617 -0.01060171 -0.11778646
v -0.002616 0.02503829 -0.05029846
v -0.002613 -0.00504571 -0.11620146
v -0.002612 -0.00949071 -0.11515346
v -0.002612 -0.00613471 -0.11497646
v -0.002611 0.04285329 -0.10445246
v -0.002609 0.04544029 -0.10312946
v -0.002606 -0.01330171 -0.11473546
v -0.002604 -0.06702071 -0.09786746
v -0.002598 -0.01002171 -0.05866046
v -0.002595 0.00104629 -0.11350846
v -0.002592 -0.01619471 -0.11468546
v -0.002589 -0.00653671 -0.11729646
v -0.002587 -0.01709571 -0.11502446
v -0.002584 0.03163129 -0.09101546
v -0.002576 -0.01239671 -0.11495846
v -0.002565 -0.01032871 -0.11529546
v -0.002563 0.00333329 -0.05971946
v -0.002561 -0.02115271 -0.10615646
v -0.00256 -0.01862671 -0.10300346
v -0.002559 -0.00298371 -0.11677146
v -0.00255 -0.01115971 -0.11510646
v -0.00255 -0.00531371 -0.11535246
v -0.00255 -0.00114371 -0.11646546
v -0.002547 0.01121429 -0.08476046
v -0.002537 -0.00485271 -0.11686446
v -0.002532 -0.03384271 -0.11842446
v -0.002532 0.00079029 -0.05938946
v -0.002531 0.03482129 -0.10677846
v -0.002526 -0.02113371 -0.11518846
v -0.002525 -0.00846571 -0.11765346
v -0.002524 0.03731229 -0.04851746
v -0.002523 -0.01188771 -0.07054846
v -0.002522 -0.00544271 -0.11495746
v -0.002517 -0.00844871 -0.11538146
v -0.002517 0.03977329 -0.08314346
v -0.002513 0.00530129 -0.10314946
v -0.00251 -0.00471071 -0.11544246
v -0.002496 -0.00756271 -0.11512646
v -0.002495 -0.04470471 -0.11555246
v -0.002487 -0.00203171 -0.11197346
v -0.002485 -0.00377371 -0.11526646
v -0.002484 -0.01512771 -0.11450746
v -0.002483 0.01039329 -0.08943746
v -0.002482 -0.01782371 -0.09489546
v -0.002477 -0.01083471 -0.06513546
v -0.002473 0.03899929 -0.10576846
v -0.002465 0.01777229 -0.07310146
v -0.00246 -0.00664571 -0.11493346
v -0.002451 -0.03548771 -0.11746346
v -0.002443 -0.04095271 -0.11543446
v -0.002437 0.02286429 -0.10857246
v -0.002435 -0.00322671 -0.11578546
v -0.002434 0.01208629 -0.09427746
v -0.002429 -0.01048871 -0.06447746
v -0.002426 -0.03716571 -0.11567746
v -0.002421 -0.00469371 -0.11491746
v -0.002421 0.04318029 -0.10330646
v -0.00242 -0.02694971 -0.11458946
v -0.002415 -0.00334471 -0.11502546
v -0.002401 -0.00969171 -0.05770446
v -0.002397 0.01496429 -0.05949246
v -0.002396 -0.00622171 -0.11484546
v -0.002383 -0.01794771 -0.10195446
v -0.002379 0.03369929 -0.04774046
v -0.002374 0.01051629 -0.07981546
v -0.002369 -0.00403171 -0.11479146
v -0.002365 -0.01194171 -0.11189746
v -0.002358 0.03729929 -0.10482146
v -0.002357 -0.00295671 -0.11507846
v -0.002356 -0.00554071 -0.11489046
v -0.002355 0.02605629 -0.10739346
v -0.00235 -0.01821171 -0.11480146
v -0.002349 -0.04342271 -0.11598346
v -0.002341 0.03955529 -0.10474046
v -0.002339 0.03774629 -0.08516246
v -0.002333 0.00110129 -0.11550446
v -0.00232 0.03067529 -0.09384646
v -0.002319 0.01003829 -0.08079246
v -0.002319 0.04699929 -0.10243946
v -0.002316 -0.00341071 -0.11464046
v -0.002313 0.03658929 -0.10561546
v -0.002311 -0.01509271 -0.08511946
v -0.00231 0.00993829 -0.09158946
v -0.002306 -0.01963771 -0.11472146
v -0.002306 0.04505829 -0.06415646
v -0.002302 -0.04620171 -0.11475746
v -0.002302 -0.02305671 -0.11422146
v -0.002297 -0.01711171 -0.09409346
v -0.002296 -0.01395171 -0.11498246
v -0.00229 -0.00310971 -0.11628446
v -0.002287 -0.01611871 -0.11441346
v -0.002284 -0.02885371 -0.11714746
v -0.002283 -0.00965171 -0.11572846
v -0.002277 -0.01327071 -0.11511146
v -0.002266 -0.04903571 -0.11355846
v -0.002255 -0.00298171 -0.11449346
v -0.002254 -0.02478771 -0.11390646
v -0.002254 -0.01145571 -0.07137046
v -0.002248 0.02111729 -0.06261846
v -0.002246 0.00361029 -0.10959446
v -0.002245 -0.00851471 -0.11585346
v -0.002244 0.02219929 -0.05385346
v -0.002243 -0.00220171 -0.11491246
v -0.002239 0.03109329 -0.09225146
v -0.002234 -0.00260871 -0.11440346
v -0.002232 -0.00468971 -0.11500046
v -0.002229 -0.00656471 -0.11510446
v -0.00222 0.01622529 -0.09818446
v -0.002215 -0.01236171 -0.11524246
v -0.002212 0.02125429 -0.06402846
v -0.002211 -0.01048971 -0.11557946
v -0.0022 0.04534629 -0.06906746
v -0.002194 -0.00746971 -0.11560946
v -0.002194 0.02104229 -0.06134446
v -0.002189 -0.00191071 -0.11470946
v -0.002187 0.01079429 -0.08404646
v -0.002175 -0.00132171 -0.11619346
v -0.002168 0.00967629 -0.09252746
v -0.002167 -0.00619471 -0.11491846
v -0.002162 -0.02883871 -0.11576546
v -0.002162 0.02486229 -0.05035646
v -0.002157 -0.05741471 -0.10811146
v -0.002155 0.02142229 -0.06556146
v -0.002153 -0.01134071 -0.11523146
v -0.00215 -0.00402371 -0.11495746
v -0.002148 -0.00204671 -0.11438246
v -0.002144 -0.01499471 -0.11483346
v -0.002144 -0.00159371 -0.11535146
v -0.002136 -0.00348271 -0.11475346
v -0.002136 -0.00143071 -0.11195646
v -0.002124 0.00524429 -0.11287346
v -0.002116 0.02116229 -0.07012846
v -0.002115 -0.00304771 -0.11455246
v -0.002113 0.00352029 -0.11279746
v -0.002111 0.02620729 -0.09742546
v -0.00211 -0.06456571 -0.10096746
v -0.002106 0.00352329 -0.11394046
v -0.002105 0.02551129 -0.09767446
v -0.0021 -0.01490371 -0.08611046
v -0.002097 0.04021829 -0.10281546
v -0.002096 -0.00148771 -0.11475646
v -0.002094 -0.01806371 -0.11439846
v -0.002085 0.02174229 -0.06702846
v -0.002083 -0.00560671 -0.11510546
v -0.002083 0.02709329 -0.09709746
v -0.002082 0.03577529 -0.08694146
v -0.002079 -0.01303771 -0.11191746
v -0.002078 -0.02161271 -0.11429146
v -0.002078 -0.00270571 -0.11443646
v -0.002077 -0.03905171 -0.11479746
v -0.002077 0.04291329 -0.05508646
v -0.002071 -0.05264671 -0.11160646
v -0.002065 0.08853329 -0.04304746
v -0.002063 -0.03127971 -0.11790346
v -0.002061 0.01047429 -0.08490446
v -0.002057 -0.04257871 -0.11597246
v -0.002053 0.02481429 -0.09798046
v -0.002041 0.02782029 -0.09678446
v -0.002038 0.03999829 -0.10401246
v -0.002024 0.00347129 -0.11343946
v -0.002018 0.03763229 -0.10457846
v -0.002014 -0.00153371 -0.11432946
v -0.001994 0.02221429 -0.06828146
v -0.001991 0.03423129 -0.04767046
v -0.001988 0.02846429 -0.09645646
v -0.001985 -0.00613471 -0.11300346
v -0.001983 0.00342329 -0.11297546
v -0.00198 -0.00569271 -0.11296946
v -0.001979 -0.00219471 -0.11446046
v -0.001974 0.02414729 -0.09826246
v -0.001959 0.02799229 -0.04859546
v -0.001958 0.04311429 -0.10215346
v -0.001951 0.03800929 -0.10395746
v -0.00195 -0.01983371 -0.11389646
v -0.001943 0.04254029 -0.06006646
v -0.00194 -0.01598171 -0.11463046
v -0.00194 -0.00148871 -0.11578746
v -0.001939 -0.01308771 -0.07695246
v -0.001933 -0.00480071 -0.11529346
v -0.001932 0.00092129 -0.11561946
v -0.001925 0.00641129 -0.11271846
v -0.00192 -0.01390771 -0.11537146
v -0.001917 0.00901029 -0.08762146
v -0.001901 0.02905529 -0.09618646
v -0.001901 0.03173529 -0.10502346
v -0.0019 -0.03736471 -0.11639046
v -0.001896 -0.00063571 -0.11454546
v -0.001895 -0.00500971 -0.11294646
v -0.001889 -0.01322271 -0.11538846
v -0.001885 0.00350029 -0.11443346
v -0.001881 0.02269529 -0.06951146
v -0.001875 0.04481229 -0.07397046
v -0.001874 -0.00410771 -0.11521546
v -0.00187 -0.02879471 -0.11446146
v -0.001867 -0.01402971 -0.11197546
v -0.001864 -0.01140271 -0.11512646
v -0.001864 0.02116129 -0.05823646
v -0.00186 -0.01869171 -0.10955246
v -0.001859 -0.00100371 -0.11427746
v -0.001859 0.00701229 -0.10642246
v -0.001858 -0.01493071 -0.11517446
v -0.001857 -0.00659971 -0.11299346
v -0.001857 0.00889429 -0.08856446
v -0.001857 0.04037229 -0.10227246
v -0.001852 -0.00359271 -0.11503746
v -0.001847 -0.00165071 -0.11435046
v -0.001844 -0.00316571 -0.11481146
v -0.001841 0.04127829 -0.05136646
v -0.001839 -0.00448271 -0.11296346
v -0.001837 0.04202129 -0.05896246
v -0.001831 5.29e-06 -0.11483946
v -0.001826 -0.01772071 -0.11420946
v -0.001825 0.03409129 -0.08844446
v -0.00182 0.02944429 -0.09602046
v -0.001819 -0.02480271 -0.11355446
v -0.001809 -0.00284971 -0.11454046
v -0.001809 0.00409029 -0.05960446
v -0.001798 0.03388929 -0.10451546
v -0.001797 -0.00394671 -0.11297246
v -0.001793 0.03530729 -0.10375446
v -0.001789 0.03019929 -0.10531846
v -0.001788 0.02317629 -0.09869446
v -0.001782 -0.01223671 -0.11538846
v -0.001779 -0.00073571 -0.11191946
v -0.001776 -0.01315071 -0.07782946
v -0.001775 0.03761929 -0.04844346
v -0.001773 -0.00022071 -0.11439946
v -0.001772 -0.01064571 -0.11568746
v -0.001769 -0.00347571 -0.11298246
v -0.001766 -0.00610271 -0.11500046
v -0.001763 -0.00643471 -0.11530846
v -0.001756 0.02897329 -0.10534646
v -0.001748 -0.03354871 -0.11818946
v -0.001742 -0.00983871 -0.11596746
v -0.001741 -0.02332671 -0.11367546
v -0.001737 0.00498629 -0.11243546
v -0.001734 -0.03927271 -0.11490446
v -0.001734 0.02978129 -0.09584546
v -0.001729 -0.01589571 -0.11497946
v -0.001728 -0.00742271 -0.11576746
v -0.001726 0.02557629 -0.10716546
v -0.001717 0.04036129 -0.10144846
v -0.001714 0.00027929 -0.05981946
v -0.001711 -0.00862471 -0.11602446
v -0.001706 0.00640229 -0.10753146
v -0.001703 -0.03570671 -0.11767446
v -0.001703 -0.00300671 -0.11297046
v -0.001703 -0.00243971 -0.11466746
v -0.001701 -0.02069271 -0.11372046
v -0.001697 0.02946729 -0.10544546
v -0.001691 -0.02193571 -0.11364646
v -0.001685 -0.00748971 -0.11299446
v -0.001682 0.03107129 -0.09375846
v -0.001669 0.03100129 -0.10539146
v -0.001664 0.03610229 -0.10308246
v -0.001662 -0.01140171 -0.11304046
v -0.001662 0.03834529 -0.10349646
v -0.001661 -0.01052671 -0.11310946
v -0.001661 -0.00114071 -0.11427946
v -0.001659 -0.01293571 -0.05278846
v -0.001657 -0.04252471 -0.11553646
v -0.001654 -0.00566871 -0.11522246
v -0.001653 0.00996229 -0.06065846
v -0.00165 -0.00032571 -0.11414446
v -0.001649 0.00614429 -0.10406746
v -0.001639 -0.00295671 -0.11456446
v -0.001636 -0.01135071 -0.11495946
v -0.001634 0.03574029 -0.10348646
v -0.001616 -0.00855071 -0.11298146
v -0.001614 -0.00957871 -0.11302246
v -0.001614 0.00032129 -0.11437346
v -0.001604 0.00467529 -0.11265646
v -0.001602 -0.01200171 -0.05982546
v -0.001602 0.03018129 -0.09564746
v -0.001598 0.03856829 -0.10270846
v -0.001592 0.03289829 -0.10501846
v -0.00159 -0.00607771 -0.11387546
v -0.001589 -0.06164171 -0.10455046
v -0.001589 0.00602529 -0.10311546
v -0.001587 -0.01219571 -0.06079246
v -0.001586 0.00062429 -0.11548446
v -0.001584 0.02866029 -0.10542946
v -0.001579 -0.01723571 -0.11409346
v -0.001578 -0.00331971 -0.11489546
v -0.001568 -0.01734871 -0.08088446
v -0.001558 0.00169729 -0.05855546
v -0.001554 -0.03102071 -0.11699646
v -0.001548 0.02024329 -0.11034046
v -0.001546 0.00191929 -0.05874646
v -0.001545 -0.00373471 -0.11512546
v -0.001543 -0.00304571 -0.11449646
v -0.001541 -0.01585271 -0.07332146
v -0.001538 -0.02727271 -0.11357046
v -0.001538 0.04340329 -0.10126446
v -0.001535 -0.00195171 -0.11471746
v -0.001533 0.03462629 -0.10436046
v -0.001532 0.00331129 -0.11461946
v -0.001527 0.03264829 -0.08989646
v -0.001523 0.02236829 -0.09910446
v -0.001521 0.02467629 -0.05040646
v -0.001519 -0.00425171 -0.11531246
v -0.001516 0.02820229 -0.10538946
v -0.001514 -0.01386771 -0.06616346
v -0.00151 0.03639329 -0.10284046
v -0.001506 -0.00490671 -0.11543346
v -0.001503 -0.00260671 -0.11290946
v -0.001502 -0.01521171 -0.11192846
v -0.001499 -0.01936871 -0.11415746
v -0.001499 -0.01450071 -0.06691546
v -0.001499 -0.00606471 -0.11490646
v -0.001476 0.00734329 -0.09590746
v -0.001475 -0.00046971 -0.11404446
v -0.001466 0.00751529 -0.09688246
v -0.001464 0.00776529 -0.10088546
v -0.001456 0.03468129 -0.04761346
v -0.001441 0.02203629 -0.05389546
v -0.00144 -0.04114671 -0.11452346
v -0.00144 -0.01118271 -0.11462246
v -0.001439 -0.01696571 -0.11448146
v -0.001439 0.03658829 -0.10254246
v -0.001435 0.00028229 -0.11523246
v -0.001432 0.03059129 -0.09546046
v -0.00143 -0.00970671 -0.05705646
v -0.001428 -0.01010571 -0.05550846
v -0.001423 -0.01107271 -0.11412546
v -0.001423 -0.00606371 -0.11445046
v -0.001421 -0.00642371 -0.11510446
v -0.001415 -0.01487571 -0.11524946
v -0.001411 0.00807729 -0.09943846
v -0.00141 -0.01026071 -0.05837946
v -0.0014 -0.00567871 -0.11385246
v -0.001392 -0.00317571 -0.11434846
v -0.001385 -0.00647271 -0.11390346
v -0.001384 0.03868829 -0.10240346
v -0.001383 -0.04599971 -0.11632346
v -0.001374 0.00049029 -0.11403646
v -0.001372 0.00223529 -0.05881646
v -0.001369 -0.00345471 -0.11481546
v -0.001365 0.00020729 -0.11178646
v -0.001362 -0.01209571 -0.11295246
v -0.001362 0.00584929 -0.11213746
v -0.001356 -0.01684871 -0.08211746
v -0.001354 0.01049429 -0.11384446
v -0.001353 -0.03088971 -0.11569146
v -0.001353 0.07949529 -0.06040246
v -0.001348 -0.00271971 -0.11475946
v -0.001347 -0.01380471 -0.11542546
v -0.001344 -0.04266571 -0.11508546
v -0.001344 -0.00979071 -0.05757146
v -0.001341 -0.03326071 -0.11736246
v -0.001341 -0.01071671 -0.11541846
v -0.001339 -0.00569171 -0.11508646
v -0.001337 0.03187429 -0.09100046
v -0.001332 -0.01079971 -0.06461146
v -0.001323 -0.01581471 -0.11506546
v -0.001322 -0.05889171 -0.10740346
v -0.001322 -0.01509571 -0.07430946
v -0.001321 -0.01117171 -0.06524746
v -0.001319 -0.00322971 -0.11375846
v -0.001319 0.04342529 -0.07848546
v -0.001314 -0.03744871 -0.11660846
v -0.001309 -0.03974271 -0.11509746
v -0.001303 -0.04993471 -0.11406746
v -0.001302 -0.00137871 -0.11459446
v -0.001302 0.00525529 -0.11336146
v -0.001301 0.03362129 -0.04755946
v -0.001294 -0.00205871 -0.11281546
v -0.001286 -0.01197171 -0.11528346
v -0.001284 -0.00737171 -0.11547446
v -0.001283 0.04036729 -0.10065146
v -0.001279 -0.01297671 -0.11544246
v -0.001278 0.03088829 -0.09532346
v -0.001268 0.01701029 -0.11201346
v -0.001264 -0.00643371 -0.11456946
v -0.001258 -0.04725671 -0.11530246
v -0.001258 -0.02045871 -0.11409446
v -0.001251 -0.00386771 -0.11501846
v -0.00125 -0.00980871 -0.11562046
v -0.00125 0.00528029 -0.11280046
v -0.001248 -0.00364471 -0.11387146
v -0.00123 -0.04383171 -0.11655646
v -0.00123 -0.00550671 -0.05928346
v -0.001226 -0.00861571 -0.11565746
v -0.001226 0.03880429 -0.10195646
v -0.001223 0.01172429 -0.09439446
v -0.001212 -0.04477971 -0.11661746
v -0.001212 0.02809929 -0.10537946
v -0.001211 -0.00504071 -0.11391146
v -0.001204 0.02297729 -0.10870646
v -0.001199 -0.04322271 -0.11538146
v -0.001196 -0.02376271 -0.11375946
v -0.001195 -0.00570371 -0.11462046
v -0.001188 0.01598329 -0.09831346
v -0.001186 -0.00434671 -0.11519346
v -0.001186 0.03496829 -0.10128046
v -0.001184 -0.05357771 -0.11179446
v -0.001183 -0.00403171 -0.11390246
v -0.001181 0.03694429 -0.10197346
v -0.001178 -0.04116271 -0.11455146
v -0.001173 0.00302629 -0.11464046
v -0.001172 0.02164029 -0.09942846
v -0.001171 0.04877829 -0.09998246
v -0.00117 -0.00449471 -0.11392746
v -0.001168 0.00510229 -0.11391346
v -0.001168 0.03141129 -0.09228646
v -0.001161 -0.03079471 -0.11444846
v -0.001159 -0.04358371 -0.11613046
v -0.001158 -0.01670771 -0.11478746
v -0.001158 -0.00735471 -0.11399446
v -0.001157 -0.01048171 -0.11404246
v -0.001157 -0.00498871 -0.11529146
v -0.001156 -0.02476571 -0.11381846
v -0.001156 -0.01060771 -0.11487246
v -0.001156 -0.00359871 -0.11456246
v -0.001156 0.01458429 -0.07673246
v -0.001154 -0.01298771 -0.11285746
v -0.00115 0.03203629 -0.04766446
v -0.001148 -0.02872071 -0.11321446
v -0.001147 0.02723529 -0.04874146
v -0.001144 0.00264529 -0.05878846
v -0.001143 0.00154929 -0.05852146
v -0.001142 0.01757229 -0.07304446
v -0.00114 0.00047429 -0.11402646
v -0.001136 0.01235429 -0.08070246
v -0.001134 0.03513529 -0.10115446
v -0.001123 -0.02637971 -0.11337146
v -0.001122 0.03686429 -0.10229646
v -0.001115 0.03434929 -0.10174846
v -0.001114 0.03474729 -0.10155746
v -0.001112 -0.03549071 -0.11744646
v -0.001107 -0.00236171 -0.11485446
v -0.001107 0.00233529 -0.05523446
v -0.001102 -0.04185071 -0.11447946
v -0.001101 0.01010029 -0.08948146
v -0.001097 0.00253329 -0.05525946
v -0.001096 0.03116729 -0.09519346
v -0.001091 -0.00295671 -0.11463546
v -0.001089 -0.01885571 -0.11416546
v -0.001089 0.03530229 -0.10095646
v -0.001086 0.00658929 -0.06053446
v -0.001085 -0.01437871 -0.11280746
v -0.001074 0.01092729 -0.08469446
v -0.001073 -0.00733671 -0.11483946
v -0.001071 -0.00075371 -0.11416546
v -0.001068 0.00399929 -0.10958646
v -0.001066 0.00249329 -0.11412946
v -0.001065 0.00208429 -0.05521146
v -0.001063 0.02759229 -0.10520546
v -0.001062 -0.00139571 -0.11273046
v -0.001059 -0.00850671 -0.11405346
v -0.001055 -0.00300971 -0.11370146
v -0.001036 0.01311729 -0.11353446
v -0.001034 -0.02151071 -0.10528346
v -0.001033 -0.00399571 -0.11469246
v -0.00102 -0.01176471 -0.07054346
v -0.00102 -0.00959971 -0.11405246
v -0.001016 -0.03303871 -0.11655646
v -0.001015 0.00282329 -0.05528946
v -0.001008 0.00201629 -0.11390046
v -0.001007 -0.00970571 -0.11496746
v -0.000997 0.03155629 -0.10281046
v -0.000996 0.03707129 -0.10176446
v -0.000992 -0.04277771 -0.11476146
v -0.000991 0.01559829 -0.06402746
v -0.000989 -0.04157971 -0.11448846
v -0.000973 -0.01469371 -0.11475846
v -0.000972 -0.00856071 -0.11498446
v -0.000971 -0.02160371 -0.11402646
v -0.00097 -0.00502571 -0.11481546
v -0.000965 -0.02141571 -0.10617646
v -0.000965 -0.00443671 -0.11481046
v -0.000964 0.00184429 -0.05518646
v -0.00096 0.03551229 -0.10064046
v -0.000959 0.03319129 -0.10226446
v -0.000958 -0.01652571 -0.11161946
v -0.000958 0.00269929 -0.11443646
v -0.000953 -0.04328371 -0.11515346
v -0.000953 0.02453029 -0.05046646
v -0.000952 -0.00176271 -0.11465646
v -0.000947 -0.01770071 -0.11438346
v -0.000936 0.02939429 -0.10340446
v -0.000935 0.00311529 -0.05854646
v -0.000935 0.02575529 -0.10730946
v -0.000934 -0.00312771 -0.11436046
v -0.000934 0.03714329 -0.10146546
v -0.000922 0.03062029 -0.04786846
v -0.00092 -0.01465071 -0.11420646
v -0.000919 0.01550029 -0.05744646
v -0.000917 0.03889329 -0.10146946
v -0.000916 0.00061329 -0.11173446
v -0.000914 -0.00023871 -0.11422946
v -0.000914 0.03545929 -0.10079146
v -0.000909 -0.00233371 -0.06029246
v -0.000908 0.03142529 -0.09377746
v -0.000905 0.02099029 -0.06268846
v -0.000896 -0.01128171 -0.07138546
v -0.000894 -0.01718171 -0.11463546
v -0.000894 0.02872529 -0.10355446
v -0.000894 0.03777729 -0.04841346
v -0.000891 -0.01170071 -0.11482046
v -0.00089 0.03567629 -0.10032646
v -0.000888 0.00904129 -0.11345446
v -0.000887 0.00145929 -0.11381246
v -0.000886 0.03561229 -0.10053346
v -0.000885 0.00473429 -0.11415146
v -0.000884 0.02090629 -0.07003946
v -0.000884 0.02113829 -0.06407846
v -0.000882 0.02127329 -0.09957446
v -0.000879 -0.01580471 -0.11490246
v -0.000869 0.02090929 -0.06137646
v -0.000868 0.02904829 -0.10351046
v -0.000867 0.00242429 -0.05609046
v -0.000866 0.03034729 -0.10317246
v -0.000857 0.00224229 -0.05605646
v -0.000857 0.01555029 -0.06286946
v -0.000855 0.01379029 -0.06622246
v -0.000853 -0.00097971 -0.11422346
v -0.000852 0.02131729 -0.06558746
v -0.000846 -0.03975171 -0.11520646
v -0.000841 0.00272729 -0.05610146
v -0.000841 0.01366129 -0.06704046
v -0.000839 -0.01329771 -0.07692946
v -0.000837 0.03418929 -0.09928746
v -0.000834 -0.00270171 -0.11355746
v -0.000829 -0.04275371 -0.11470546
v -0.000829 -0.04133271 -0.11457746
v -0.000828 0.01452929 -0.06121946
v -0.000828 0.03150929 -0.09507146
v -0.000827 -0.03292171 -0.11546146
v -0.000826 0.00313829 -0.05531846
v -0.000826 0.02984529 -0.10334846
v -0.000817 0.03386729 -0.09947946
v -0.000816 -0.00272071 -0.11457046
v -0.000815 -0.03520471 -0.11678946
v -0.000802 -0.01543771 -0.11448246
v -0.000802 0.00109029 -0.11390246
v -0.000801 0.01416529 -0.05997346
v -0.0008 -0.04309571 -0.11515146
v -0.0008 0.02163929 -0.06703446
v -0.000799 0.03430629 -0.09917846
v -0.000796 0.02773929 -0.10532846
v -0.000794 0.00438729 -0.05968846
v -0.000791 0.01440029 -0.06887746
v -0.000787 0.03345729 -0.09971646
v -0.000786 -0.01561071 -0.11256846
v -0.000781 -0.00057571 -0.11266746
v -0.000781 0.03440329 -0.09909546
v -0.000779 -0.01359571 -0.11485946
v -0.000779 0.02852529 -0.10358946
v -0.000779 0.03241929 -0.10266046
v -0.000775 0.03389129 -0.10210646
v -0.000772 0.02213729 -0.06823946
v -0.000768 0.00199029 -0.05605546
v -0.000763 0.03719529 -0.10130346
v -0.000762 -0.01669271 -0.11479446
v -0.000761 -0.02019371 -0.11418346
v -0.000761 0.00241829 -0.05451746
v -0.000761 0.00258729 -0.05455346
v -0.000759 0.03573629 -0.10021246
v -0.000754 -0.00109971 -0.11407246
v -0.000752 0.03361629 -0.09961446
v -0.000751 -0.00221171 -0.11346446
v -0.00075 0.00301429 -0.05610146
v -0.000747 0.01447229 -0.06977346
v -0.000741 0.02816329 -0.10354246
v -0.000741 0.03079029 -0.09838246
v -0.00074 -0.01527971 -0.11340346
v -0.000739 0.03124029 -0.09817146
v -0.000733 -0.01440271 -0.11446146
v -0.000733 0.02248129 -0.06949846
v -0.000732 -0.01535871 -0.11377946
v -0.000731 0.00157629 -0.05514446
v -0.00073 -0.00287371 -0.11423646
v -0.000729 -0.01352571 -0.11375946
v -0.000727 0.03156729 -0.09801446
v -0.000724 0.00223929 -0.05451046
v -0.000724 0.03178129 -0.09788246
v -0.000723 -0.00226871 -0.11440346
v -0.000722 0.02105029 -0.05830946
v -0.000721 -0.01249071 -0.11484546
v -0.000716 0.03402329 -0.09938246
v -0.000715 -0.01366271 -0.11383246
v -0.000714 -0.01532271 -0.08481546
v -0.000714 0.02944829 -0.04810446
v -0.000714 0.02958729 -0.09886846
v -0.00071 -0.04179871 -0.11446646
v -0.000708 0.03098229 -0.10307046
v -0.000707 0.00280029 -0.05457046
v -0.000704 0.02832929 -0.10353446
v -0.000704 0.03209929 -0.09773246
v -0.000702 -0.01918971 -0.08933046
v -0.0007 -0.03063871 -0.11309146
v -0.000699 -0.02251471 -0.11397346
v -0.000699 0.03020129 -0.09861546
v -0.000697 0.03447229 -0.09899146
v -0.000696 -0.03739371 -0.11643046
v -0.000695 0.02886229 -0.09911846
v -0.000695 0.03319129 -0.09988546
v -0.000693 -0.01139671 -0.11396346
v -0.000684 0.03233529 -0.09761246
v -0.000681 -0.02568671 -0.11377346
v -0.000678 0.02814629 -0.09934746
v -0.000678 0.07017229 -0.07543246
v -0.000675 -0.03500571 -0.11608446
v -0.000674 -0.02469171 -0.11364246
v -0.000671 0.00209729 -0.05449246
v -0.00067 0.02924829 -0.10350646
v -0.000667 -0.01417271 -0.11317546
v -0.000666 -0.04217171 -0.11444946
v -0.000665 0.02855429 -0.10350146
v -0.000664 0.03583229 -0.10001846
v -0.000661 -0.03285771 -0.11443846
v -0.000661 0.03282229 -0.10007346
v -0.000659 0.03255029 -0.09750746
v -0.000655 0.02750629 -0.09957946
v -0.000655 0.04315829 -0.09999046
v -0.000654 0.03454829 -0.09889946
v -0.000653 -0.00254471 -0.11408146
v -0.000651 0.02826429 -0.10349946
v -0.000648 -0.01332271 -0.07780846
v -0.000647 -0.01880571 -0.11406646
v -0.000646 -0.02466871 -0.11125746
v -0.000642 0.03799429 -0.08527846
v -0.000641 -0.02405471 -0.11353946
v -0.000641 -3.71e-06 -0.05992046
v -0.00064 0.03479929 -0.04757146
v -0.000637 -0.01573471 -0.11433746
v -0.000637 0.03446529 -0.09891046
v -0.000634 -0.00127671 -0.11368846
v -0.00063 0.00176729 -0.05604746
v -0.000627 0.02687329 -0.09978346
v -0.000625 0.03271829 -0.09740246
v -0.000622 -0.04264271 -0.11494446
v -0.000622 0.03582629 -0.10015346
v -0.000619 0.03380029 -0.09944146
v -0.000617 -0.04294571 -0.11523546
v -0.000616 0.00432329 -0.11422646
v -0.000615 -0.01872171 -0.10292946
v -0.000615 0.03407829 -0.09914946
v -0.000613 -0.04377371 -0.11543146
v -0.000612 -0.00146871 -0.11427246
v -0.00061 0.03431629 -0.09899746
v -0.000607 0.03436129 -0.09894446
v -0.000603 -0.00172771 -0.11369746
v -0.000603 0.00150429 -0.05856246
v -0.000599 -0.00109571 -0.11325446
v -0.000599 0.03324329 -0.09984346
v -0.000598 -0.01893271 -0.09045746
v -0.000594 0.03259029 -0.10293846
v -0.000592 0.03598229 -0.08700246
v -0.000591 -0.02430471 -0.11125246
v -0.000589 -0.02466671 -0.11083846
v -0.000587 -0.01888071 -0.10953846
v -0.000585 0.02620429 -0.10001846
v -0.000585 0.03010729 -0.10339346
v -0.000579 0.03288429 -0.09731346
v -0.000577 0.03116929 -0.10322246
v -0.000574 0.00302429 -0.05459446
v -0.000573 0.03027929 -0.10100146
v -0.000571 -0.01624171 -0.11469346
v -0.000569 0.02101429 -0.09966246
v -0.000569 0.03422729 -0.09906046
v -0.000569 0.03720429 -0.10094246
v -0.000567 0.02881429 -0.10348246
v -0.000566 0.02193629 -0.05391546
v -0.000564 -0.02431571 -0.11082146
v -0.000563 -0.00040871 -0.11448546
v -0.000563 0.03488829 -0.10173046
v -0.000562 -0.01729771 -0.11458946
v -0.000562 0.03397729 -0.09926446
v -0.000561 0.03357629 -0.09961646
v -0.000555 0.04022729 -0.09964246
v -0.000551 -0.01531771 -0.11504046
v -0.000551 0.00334629 -0.05862346
v -0.000549 0.04107629 -0.08212946
v -0.000545 -0.02330771 -0.11393746
v -0.000544 -0.02464271 -0.11162646
v -0.000542 -0.00029371 -0.11255746
v -0.000539 -0.04238671 -0.11433846
v -0.000537 0.02773829 -0.10518046
v -0.000531 0.02558729 -0.10024346
v -0.000528 -0.01090571 -0.06445546
v -0.000525 0.04002829 -0.08329746
v -0.000523 0.00190129 -0.05446546
v -0.000522 -0.02434271 -0.11161946
v -0.000522 -0.01512171 -0.08601746
v -0.000521 0.03298029 -0.09724346
v -0.000517 -0.04339171 -0.11546846
v -0.000517 -0.03482571 -0.11520546
v -0.000516 -0.01781971 -0.11424646
v -0.000516 0.02811729 -0.10160446
v -0.000515 -0.01020071 -0.05554346
v -0.000515 0.03579129 -0.10031046
v -0.000514 0.03176529 -0.09502946
v -0.000508 0.03536629 -0.10120046
v -0.000506 0.03404329 -0.10225546
v -0.000503 0.03164829 -0.10053346
v -0.000502 0.03423529 -0.08845646
v -0.000496 0.06052629 -0.08966846
v -0.000495 -0.01782671 -0.10200246
v -0.000495 0.01286329 -0.07182646
v -0.000492 -0.01213171 -0.11396646
v -0.000486 0.00204129 -0.05780346
v -0.000485 0.00044129 -0.11425646
v -0.000484 0.02515629 -0.10036346
v -0.000484 0.02960929 -0.10342146
v -0.000483 0.03895229 -0.10106146
v -0.000481 0.02904829 -0.10133346
v -0.000481 0.03290329 -0.10003146
v -0.000476 0.02735829 -0.10181046
v -0.000473 -0.02464871 -0.11320346
v -0.000471 -0.03925171 -0.11527346
v -0.000471 0.02783329 -0.10167246
v -0.00047 0.03367329 -0.04752946
v -0.000468 0.02874529 -0.10144246
v -0.000465 0.02985129 -0.10115946
v -0.000462 0.03297629 -0.09719046
v -0.00046 -0.01117871 -0.06509146
v -0.000459 -0.04259771 -0.11508646
v -0.000459 0.02765429 -0.10169346
v -0.000459 0.03576229 -0.10045046
v -0.000457 -0.04283371 -0.11530146
v -0.000457 0.02835529 -0.04833646
v -0.000455 0.02964529 -0.10117546
v -0.000449 0.02446129 -0.05050146
v -0.000446 0.00325229 -0.05611346
v -0.000446 0.04316429 -0.05508846
v -0.000445 -0.02439771 -0.11193646
v -0.000444 -0.01223971 -0.11382346
v -0.000443 0.00283629 -0.05776346
v -0.000443 0.00344829 -0.05536946
v -0.00044 -0.00107071 -0.11316346
v -0.000437 -0.01277871 -0.11482746
v -0.000435 0.03245629 -0.10026246
v -0.000434 0.03516329 -0.10139446
v -0.00043 -0.01532771 -0.11242346
v -0.00043 0.00192329 -0.05778346
v -0.00043 0.03179629 -0.10302946
v -0.000427 -0.02462171 -0.11193046
v -0.000427 -0.02435171 -0.11312646
v -0.000427 0.02478729 -0.10046846
v -0.000426 0.02716629 -0.10180946
v -0.000426 0.02927929 -0.10131246
v -0.000426 0.03564529 -0.10075546
v -0.000424 0.01232629 -0.07240946
v -0.000424 0.04228929 -0.05892646
v -0.000422 0.03100029 -0.10077746
v -0.00042 0.00219029 -0.05785346
v -0.000417 -0.04109071 -0.11458446
v -0.000417 -0.03287471 -0.11325546
v -0.000415 0.03057729 -0.10327846
v -0.000414 0.03227829 -0.10028246
v -0.000412 0.03294729 -0.09721246
v -0.00041 0.04517829 -0.09957146
v -0.000409 -0.04235771 -0.11468346
v -0.000409 0.03571929 -0.10058346
v -0.000408 0.00282029 -0.05690146
v -0.000406 0.02859629 -0.10146246
v -0.000405 -0.02500271 -0.11124946
v -0.000405 0.03095729 -0.10075346
v -0.000404 0.00157929 -0.05600146
v -0.000403 -0.00981371 -0.05742146
v -0.000403 0.02815029 -0.10523346
v -0.000402 0.00136229 -0.05511646
v -0.0004 0.00390529 -0.11409846
v -0.0004 0.03554229 -0.10087346
v -0.000399 0.00358129 -0.11384246
v -0.000399 0.03040329 -0.10098646
v -0.000398 0.02829129 -0.10158046
v -0.000396 0.00129229 -0.11391846
v -0.000391 0.02745629 -0.10176046
v -0.000391 0.03451729 -0.10186946
v -0.000389 0.02698229 -0.10185746
v -0.000385 -0.04316971 -0.11546746
v -0.000384 -0.03472771 -0.11441146
v -0.000384 -0.02520471 -0.11363646
v -0.000383 -0.02496971 -0.11084546
v -0.000381 0.03286629 -0.09725446
v -0.00038 0.02677229 -0.10187046
v -0.000379 0.00290529 -0.11359146
v -0.000378 0.02672329 -0.10187446
v -0.000375 -0.01683971 -0.11462746
v -0.000371 -0.03732271 -0.11596146
v -0.000371 0.00252829 -0.05692946
v -0.00037 0.03724029 -0.10121146
v -0.000367 0.00206629 -0.11365646
v -0.000366 -0.02461571 -0.11286146
v -0.000364 -0.01995771 -0.11418346
v -0.000361 0.00077929 -0.11172346
v -0.00036 -0.02400471 -0.11125146
v -0.000357 -0.02401971 -0.11083346
v -0.000354 -0.02443171 -0.11224746
v -0.000354 0.02445229 -0.10054146
v -0.000352 -0.02461171 -0.11225046
v -0.000351 0.00245329 -0.05785846
v -0.000346 0.00744429 -0.11205246
v -0.000342 -0.02441571 -0.11282946
v -0.00034 -0.02461071 -0.11255446
v -0.00034 -0.02460671 -0.11050946
v -0.00034 0.03186229 -0.10050346
v -0.000339 0.03272829 -0.08991446
v -0.000334 0.00187829 -0.05778346
v -0.000333 0.03276629 -0.09730346
v -0.000329 -0.02490171 -0.11161146
v -0.000328 -0.02443971 -0.11254646
v -0.000321 -0.01316171 -0.11301946
v -0.000318 -0.02439771 -0.11049946
v -0.000315 0.00229529 -0.05694646
v -0.00031 -0.00210771 -0.11382346
v -0.000309 -0.01031271 -0.05823946
v -0.000309 0.03337629 -0.10247046
v -0.000308 -0.02392571 -0.11373046
v -0.000305 0.03196329 -0.09103246
v -0.000305 0.03263829 -0.09737146
v -0.000302 0.00217129 -0.05694046
v -0.000295 0.04283229 -0.06005446
v -0.000289 -0.04300271 -0.11547246
v -0.000282 -0.04238971 -0.11491946
v -0.00028 -0.04273771 -0.11534246
v -0.000278 -0.02419771 -0.11157846
v -0.000277 0.00176029 -0.05441546
v -0.000277 0.04152829 -0.05141846
v -0.000275 -0.04258371 -0.11520346
v -0.000274 0.02426329 -0.10056746
v -0.000274 0.03245229 -0.09745946
v -0.000273 0.00323429 -0.05456846
v -0.00027 -0.00177171 -0.11438146
v -0.000268 0.01088729 -0.08387946
v -0.000265 0.00287629 -0.05685446
v -0.000265 0.03152929 -0.09233346
v -0.000259 0.00289729 -0.05774146
v -0.000258 -0.02049671 -0.09853946
v -0.000257 -0.03724771 -0.11543746
v -0.000255 -0.03874671 -0.11525546
v -0.000252 -0.01444071 -0.11531146
v -0.000249 0.02099329 -0.09972046
v -0.000248 -0.04021771 -0.11475946
v -0.000248 -0.02481271 -0.11191846
v -0.000241 -0.01658271 -0.11151046
v -0.00024 -0.02435471 -0.11188146
v -0.000239 0.03222929 -0.09756546
v -0.000237 0.02832929 -0.10519546
v -0.000235 0.01042729 -0.08481346
v -0.00023 -0.03478171 -0.11358546
v -0.00023 -0.02477071 -0.11051746
v -0.00023 -0.01875971 -0.11418446
v -0.000229 -0.01728171 -0.11443146
v -0.000226 -0.02492371 -0.11326146
v -0.000226 0.01064229 -0.08062946
v -0.000225 -0.02435471 -0.11327446
v -0.000224 -0.02445371 -0.11221846
v -0.000224 0.03182929 -0.09503846
v -0.000218 0.00677529 -0.11185046
v -0.000218 0.03153229 -0.09381146
v -0.000214 0.03206629 -0.04764846
v -0.00021 0.03195929 -0.09773546
v -0.000205 -0.01727571 -0.09396846
v -0.000205 0.02432029 -0.10057046
v -0.000204 0.02574529 -0.10713046
v -0.0002 -0.03731971 -0.11496346
v -0.0002 -0.02055571 -0.09733246
v -0.0002 0.01105929 -0.07962246
v -0.000198 -0.02446871 -0.11282846
v -0.000196 0.00149129 -0.05595746
v -0.000196 0.02876329 -0.10535346
v -0.000195 -0.04165371 -0.11441146
v -0.000194 0.00878529 -0.08790546
v -0.000193 -0.02424571 -0.11049646
v -0.00019 -0.02449071 -0.11253946
v -0.000187 -0.02475471 -0.11223446
v -0.000186 -0.01806871 -0.09473446
v -0.000186 0.00208029 -0.05693646
v -0.000184 0.01253229 -0.07757546
v -0.00018 -0.04284571 -0.11544646
v -0.000179 0.01283629 -0.07655346
v -0.000177 0.03724029 -0.10142346
v -0.000173 0.00137029 -0.05858646
v -0.000173 0.03160729 -0.09790346
v -0.000169 -0.02476771 -0.11255146
v -0.000168 -0.01781971 -0.11406146
v -0.000164 -0.00017771 -0.11252646
v -0.000164 0.02707929 -0.04877146
v -0.000162 -0.02480171 -0.11289746
v -0.000162 -0.00108471 -0.11312546
v -0.000156 -0.03779571 -0.11495246
v -0.000155 -0.04246671 -0.11510646
v -0.000152 0.03122329 -0.09812346
v -0.00015 -0.01642971 -0.11507146
v -0.000146 -0.03741671 -0.11460646
v -0.000144 0.00611029 -0.11257546
v -0.000144 0.02455229 -0.10053446
v -0.000143 0.01591329 -0.09835346
v -0.000142 -0.03825671 -0.11503546
v -0.000141 -0.02455671 -0.11043746
v -0.000141 -0.00054771 -0.11456746
v -0.00014 0.00853929 -0.08882646
v -0.000139 0.00188829 -0.05779546
v -0.000135 -0.02445471 -0.11043546
v -0.000132 -0.04268371 -0.11534846
v -0.00013 -0.03959671 -0.11481646
v -0.000127 0.04532829 -0.06417346
v -0.000122 -0.04260471 -0.11527746
v -0.000122 0.03079329 -0.09832146
v -0.000112 -0.02462571 -0.11044046
v -0.000111 -0.05411071 -0.11193746
v -0.000109 0.00259429 -0.05769246
v -0.000109 0.00268129 -0.05677746
v -0.000109 0.02477029 -0.10047746
v -0.000109 0.03033629 -0.09856146
v -9.5e-05 -0.02146271 -0.11408346
v -9.4e-05 -0.02438971 -0.11043446
v -9e-05 0.02968129 -0.09879646
v -8.9e-05 -0.05946871 -0.10716346
v -8.8e-05 0.04548929 -0.09767246
v -8.7e-05 -0.03809071 -0.11467946
v -8.6e-05 -0.04272971 -0.11539346
v -8.6e-05 0.00650329 -0.10753446
v -8.4e-05 0.02968529 -0.10546746
v -8.2e-05 -0.02389971 -0.11125446
v -8e-05 0.00409829 -0.10959846
v -7.9e-05 0.02508929 -0.10039946
v -7.9e-05 0.03724629 -0.10178746
v -7.8e-05 -0.04074271 -0.11455146
v -7.6e-05 -0.02389371 -0.11084846
v -7.2e-05 -0.02489571 -0.11254746
v -7.1e-05 -0.06235571 -0.10396246
v -7.1e-05 0.02548229 -0.10026646
v -6.9e-05 0.02888229 -0.09909546
v -6.8e-05 -0.03899071 -0.11479046
v -6.7e-05 -0.04255371 -0.11523146
v -6.4e-05 0.00709329 -0.10651046
v -6.3e-05 0.00294129 -0.05866946
v -5.5e-05 0.00040929 -0.11434646
v -5.3e-05 -0.02413371 -0.11157646
v -5.2e-05 0.02825729 -0.09930646
v -5.1e-05 -0.02490971 -0.11223246
v -5e-05 0.00203029 -0.05691446
v -4.6e-05 -0.02509371 -0.11084146
v -4.1e-05 0.02767929 -0.09952346
v -4e-05 -0.02521671 -0.11311046
v -3.7e-05 -0.02506671 -0.11161846
v -3.7e-05 -0.02496471 -0.11191846
v -3.5e-05 -0.02484371 -0.11051146
v -3.5e-05 0.02597729 -0.10009646
v -3.3e-05 0.00603429 -0.11308246
v -3.1e-05 -0.02512771 -0.11125846
v -3.1e-05 -0.02501171 -0.11284446
v -3.1e-05 0.00254929 -0.05422246
v -3.1e-05 0.02713429 -0.09969246
v -2.9e-05 0.02653629 -0.09990346
v -2.8e-05 -0.04263271 -0.11531646
v -2.6e-05 -0.02556171 -0.11344446
v -2.5e-05 -0.02465371 -0.11043546
v -2.3e-05 -0.10498571 0.03854654
v -1.9e-05 0.02296929 -0.10856146
v -4e-06 -0.01967071 -0.11427246
v -3e-06 -0.02454871 -0.11041746
v -3e-06 -0.02447171 -0.11041746
v -3e-06 -0.02444771 -0.11253246
v -3e-06 -0.02443371 -0.11281946
v -3e-06 -0.02439271 -0.11222246
v -3e-06 -0.02437771 -0.11042946
v -3e-06 -0.02428171 -0.11187946
v -3e-06 -0.02417371 -0.11048646
v -3e-06 0.02917029 -0.10528746
v -2e-06 -0.02898671 -0.11299646
v -2e-06 -0.02804671 -0.11328146
v -2e-06 -0.02707971 -0.11325746
v -2e-06 -0.02618871 -0.11362846
v -2e-06 -0.01204371 -0.05970446
v -1e-06 -0.05030371 -0.11427846
v -1e-06 -0.04769571 -0.11548346
v -1e-06 -0.04640471 -0.11656546
v -1e-06 -0.04515871 -0.11679446
v -1e-06 -0.04425871 -0.11677746
v -1e-06 -0.04402171 -0.11633746
v -1e-06 -0.04400471 -0.11542246
v -1e-06 -0.04352471 -0.11558046
v -1e-06 -0.04325171 -0.11556846
v -1e-06 -0.04307071 -0.11554846
v -1e-06 -0.04289571 -0.11549346
v -1e-06 -0.04275471 -0.11541646
v -1e-06 -0.04007871 -0.11459446
v -1e-06 -0.03769271 -0.11406146
v 0 -0.10047371 0.01550354
v 0 -0.09624171 -0.00884346
v 0 -0.09305471 -0.03301946
v 0 -0.07064371 -0.09186646
v 0 -0.06775671 -0.09714646
v 0 -0.06529071 -0.10031146
v 0 0.00325929 -0.05612346
v 0 0.05561029 -0.08672346
v 0 0.06347929 -0.07303946
v 0 0.07128529 -0.05930846
v 0 0.08155729 -0.04383646
v 0 0.08704629 0.04632954
v 0 0.09298529 -0.02393646
v 0 0.09300629 0.02132254
v 0 0.09641329 -0.00049946
v 2e-06 -0.08022771 -0.07501346
v 7e-06 -0.08797471 -0.05042546
v 7e-06 -0.08458271 -0.06166846
v 1.7e-05 0.03895229 -0.10175146
v 1.8e-05 -0.02479471 -0.11254646
v 2e-05 -0.04253871 -0.11521746
v 2.1e-05 -0.04242271 -0.11506646
v 2.1e-05 -0.01476071 -0.11236946
v 2.7e-05 -0.03056271 -0.11296546
v 2.8e-05 -0.03282971 -0.11307046
v 2.8e-05 0.00998029 -0.09157746
v 3.1e-05 -0.01191771 -0.11385046
v 3.2e-05 -0.02484671 -0.11288746
v 3.5e-05 -0.04229971 -0.11484146
v 4.1e-05 -0.02428671 -0.11325146
v 4.3e-05 0.00145329 -0.05592046
v 4.3e-05 0.00633029 -0.10428146
v 4.5e-05 0.03066529 -0.04786146
v 4.6e-05 -0.04223071 -0.11459246
v 4.6e-05 0.00144729 -0.11388246
v 4.6e-05 0.00182029 -0.05778046
v 4.8e-05 -0.04265671 -0.11533746
v 5e-05 -0.03849071 -0.11432946
v 5.2e-05 -0.04222371 -0.11418646
v 5.6e-05 -0.03493971 -0.11335646
v 5.6e-05 0.00175229 -0.05436646
v 5.6e-05 0.03720729 -0.10207646
v 5.7e-05 0.00198329 -0.05687746
v 5.8e-05 -0.02479271 -0.11222346
v 6e-05 -0.02439771 -0.11042646
v 6.2e-05 -0.02463471 -0.11043346
v 6.2e-05 0.00133729 -0.05510546
v 6.2e-05 0.00584629 -0.11370146
v 6.8e-05 -0.04193671 -0.11433246
v 6.8e-05 -0.03960471 -0.11455146
v 6.8e-05 0.01159629 -0.09444246
v 6.9e-05 0.00077129 -0.11173046
v 7.3e-05 0.00350829 -0.05539146
v 8.2e-05 0.00242329 -0.05671646
v 8.2e-05 0.03172929 -0.09506946
v 8.4e-05 -0.04272971 -0.11539346
v 8.6e-05 0.06991229 0.08762654
v 8.8e-05 0.02106129 -0.09971346
v 9.1e-05 -0.01396771 -0.06613146
v 9.4e-05 -0.02456571 -0.11042746
v 9.5e-05 -0.01281771 -0.11303646
v 9.5e-05 0.00326629 -0.05455246
v 9.6e-05 -0.01235371 -0.11481846
v 9.7e-05 -0.02446071 -0.11042446
v 0.0001 0.03714029 -0.10243546
v 0.000101 -0.01227071 -0.06077046
v 0.000103 0.00231329 -0.05767546
v 0.000104 0.00226529 -0.11363946
v 0.000104 0.02008629 -0.11026546
v 0.000105 -0.02498171 -0.11322146
v 0.000109 -0.04256471 -0.11523646
v 0.000109 0.00968929 -0.09248446
v 0.000114 -0.00195171 -0.11376946
v 0.000116 0.00193729 -0.05684046
v 0.000118 0.07527229 0.07730954
v 0.000128 -0.02483571 -0.11190646
v 0.000128 0.00121829 -0.05858546
v 0.000134 -0.04115171 -0.11444646
v 0.000139 0.00607029 -0.10344146
v 0.000141 0.03784029 -0.04842446
v 0.000142 0.00534029 -0.11401246
v 0.000146 0.00792929 -0.10109946
v 0.000146 0.00821529 -0.09964046
v 0.000147 0.03098829 -0.10551546
v 0.000148 -0.04269371 -0.11535246
v 0.000148 -0.02422171 -0.11048546
v 0.000151 -0.01727271 -0.11470946
v 0.000151 4.829e-05 -0.05993046
v 0.000153 0.02442829 -0.05052846
v 0.000154 0.00170529 -0.05774846
v 0.000155 -0.04262671 -0.11529046
v 0.000156 0.03027729 -0.10542746
v 0.000156 0.03484529 -0.04757446
v 0.000159 -0.02462471 -0.11254746
v 0.000159 -0.02384171 -0.11371846
v 0.00016 -0.02478571 -0.11050446
v 0.000162 0.00317329 -0.11357146
v 0.000163 -0.03780471 -0.11396446
v 0.000163 0.04553429 -0.06905946
v 0.000171 0.00187629 -0.05681746
v 0.000172 -0.00021471 -0.11256346
v 0.000173 -0.02426671 -0.11225046
v 0.000175 0.00391829 -0.11376246
v 0.000176 -0.01870771 -0.11434946
v 0.000178 0.00480429 -0.11411846
v 0.000179 0.00423729 -0.11406946
v 0.000181 -0.04286571 -0.11545446
v 0.000182 -0.02462371 -0.11222346
v 0.000191 -0.00167571 -0.11422346
v 0.000192 -0.02462771 -0.11288146
v 0.000195 -0.00104971 -0.11311146
v 0.000199 -0.03860771 -0.11419546
v 0.000205 -0.04047971 -0.11448146
v 0.000206 -0.02416871 -0.11193346
v 0.000207 0.03672629 -0.10330146
v 0.00021 0.03698029 -0.10272746
v 0.000211 -0.02430871 -0.11254546
v 0.000221 0.03293929 -0.10540746
v 0.000222 -0.04005671 -0.11446246
v 0.000222 0.01001929 -0.08949746
v 0.000227 -0.02492471 -0.11160546
v 0.000229 -0.04248571 -0.11510146
v 0.000232 -0.01454471 -0.06695146
v 0.000233 -0.01781171 -0.11427046
v 0.000239 -0.01938571 -0.11433546
v 0.00024 0.02948729 -0.04809446
v 0.000241 0.00742929 -0.09695546
v 0.000245 0.00183729 -0.05680146
v 0.000246 -0.02427571 -0.11283846
v 0.000249 0.00161029 -0.05769846
v 0.00025 0.00720029 -0.09595046
v 0.000257 -0.01597271 -0.11527646
v 0.000261 -0.02405571 -0.11162746
v 0.000279 -0.01395271 -0.11536546
v 0.000281 -0.02523971 -0.11355446
v 0.000283 -0.02463171 -0.11190446
v 0.000287 -0.02395571 -0.11084946
v 0.000288 -0.04303471 -0.11548146
v 0.000288 -0.02096671 -0.11413046
v 0.000291 -0.02443371 -0.11223446
v 0.000295 0.03154329 -0.09511746
v 0.000296 -0.02318871 -0.11392046
v 0.000296 0.04044129 -0.10110546
v 0.000297 0.01086129 -0.08467946
v 0.000298 -0.02446271 -0.11254246
v 0.000301 -0.02461671 -0.11048346
v 0.000302 0.02212329 -0.06821546
v 0.000304 -0.02465071 -0.11321246
v 0.000305 -0.04275771 -0.11534346
v 0.000305 0.02245829 -0.06948146
v 0.000309 -0.02499171 -0.11084146
v 0.000311 -0.02439671 -0.11047646
v 0.000311 -0.00058971 -0.11430846
v 0.000319 -0.02392271 -0.11126646
v 0.00032 -0.04262171 -0.11521746
v 0.000326 -0.00208871 -0.11370746
v 0.000326 0.00218529 -0.05672846
v 0.000331 0.00204829 -0.05765346
v 0.000332 0.01231229 -0.08069346
v 0.000336 -0.02503671 -0.11126346
v 0.000336 0.02615829 -0.10732346
v 0.000339 0.04344729 -0.10178946
v 0.000342 -0.02445371 -0.11283046
v 0.000343 0.02192729 -0.05392246
v 0.000345 0.02090629 -0.07008646
v 0.000345 0.02162729 -0.06702046
v 0.000346 0.00184129 -0.05437846
v 0.000347 0.00183929 -0.05679246
v 0.000348 -0.03772071 -0.11424546
v 0.000348 -0.02413071 -0.11307046
v 0.000354 -0.03845271 -0.11436346
v 0.000354 0.01452129 -0.07672746
v 0.000358 0.03186129 -0.10539346
v 0.000359 0.02130129 -0.06558946
v 0.00036 -0.04168371 -0.11441646
v 0.000371 -0.04241771 -0.11488846
v 0.000373 -0.02437071 -0.11193246
v 0.000373 0.01753029 -0.07306746
v 0.000375 0.02112029 -0.06409446
v 0.000378 0.00147029 -0.05592846
v 0.000381 -0.04321271 -0.11547246
v 0.000385 0.00244429 -0.05863246
v 0.000385 0.02097129 -0.06271746
v 0.000393 0.00158229 -0.05764246
v 0.000394 0.03372529 -0.04753046
v 0.000396 -0.03476871 -0.11368846
v 0.000397 0.02089229 -0.06138746
v 0.000397 0.02104329 -0.05833646
v 0.000399 -0.01607271 -0.11155946
v 0.000404 -0.03958571 -0.11457646
v 0.000405 -0.04076971 -0.11455646
v 0.000408 -0.01426071 -0.11235646
v 0.000411 0.00034929 -0.11421146
v 0.000414 -0.02465971 -0.11161046
v 0.000418 -0.01269471 -0.11304546
v 0.000419 0.03638829 -0.10356646
v 0.000424 0.03591029 -0.10414346
v 0.000425 -0.04006271 -0.11464046
v 0.000426 -0.00183471 -0.11316046
v 0.000432 -0.01195871 -0.07044946
v 0.000445 0.00395829 -0.06006546
v 0.000454 0.03461529 -0.10493346
v 0.000457 -0.02441671 -0.11307746
v 0.000459 -0.01209871 -0.11380146
v 0.000462 -0.00215771 -0.06038346
v 0.000462 -0.00196471 -0.11419746
v 0.000462 0.03891129 -0.10222646
v 0.000464 0.00310529 -0.05452846
v 0.000469 -0.01512171 -0.07436046
v 0.000469 0.02844629 -0.04831646
v 0.00047 -0.03817871 -0.11468746
v 0.000472 0.03142929 -0.09382846
v 0.000476 0.02129229 -0.09962046
v 0.000478 -0.02039571 -0.11420446
v 0.000478 -0.00141871 -0.11350946
v 0.00048 -0.02432171 -0.11163246
v 0.000482 0.00192329 -0.05680546
v 0.000483 -0.04239971 -0.11465746
v 0.000483 -0.03755571 -0.11460346
v 0.000487 -0.04285671 -0.11529146
v 0.000488 0.03129229 -0.09516746
v 0.000496 0.06052629 -0.08966846
v 0.000503 -0.03905471 -0.11488346
v 0.000504 -0.01594171 -0.07338746
v 0.000505 0.04494529 -0.07395446
v 0.000507 0.00141629 -0.11388846
v 0.000514 0.00115029 -0.05855846
v 0.000515 -0.04339171 -0.11546846
v 0.00052 -0.01249571 -0.11467646
v 0.000521 -0.04263371 -0.11506346
v 0.000521 -0.00131971 -0.11392246
v 0.000522 -0.00117371 -0.11305746
v 0.000523 0.00142429 -0.05509846
v 0.000529 0.00299729 -0.05608246
v 0.000532 0.03386129 -0.10498346
v 0.000538 -0.03277671 -0.11343146
v 0.00054 -0.02385071 -0.11345346
v 0.000544 -0.00270071 -0.11376746
v 0.000551 -0.01154871 -0.07129946
v 0.000558 -0.02235471 -0.11386846
v 0.000559 -0.03962371 -0.11494146
v 0.00056 -0.02480571 -0.11354246
v 0.000565 -0.02430771 -0.11084746
v 0.000565 -0.01535471 -0.08588146
v 0.000565 0.00173729 -0.05764246
v 0.000571 -0.02468871 -0.11084746
v 0.000571 0.00204329 -0.05440046
v 0.000573 -0.00080071 -0.11306046
v 0.000579 -0.02470071 -0.11127846
v 0.000579 -0.01328871 -0.07685046
v 0.00058 -0.00029471 -0.11260846
v 0.000584 -0.00249571 -0.11327746
v 0.000589 0.00220029 -0.11362246
v 0.000596 -0.00106471 -0.11340946
v 0.000597 -0.04242871 -0.11434446
v 0.000597 -0.03777971 -0.11523146
v 0.000599 -0.04377771 -0.11540246
v 0.000602 -0.03466371 -0.11429546
v 0.000604 -0.00629471 -0.11440546
v 0.000605 -0.01319171 -0.07778846
v 0.000611 0.03884229 -0.10294646
v 0.000613 0.03542029 -0.10432246
v 0.000615 0.03144429 -0.09233446
v 0.000616 -0.02429571 -0.11128246
v 0.000616 -0.01696171 -0.08202046
v 0.00062 -0.01552271 -0.08474846
v 0.000626 -0.01967371 -0.11429946
v 0.00063 0.00162029 -0.05596646
v 0.000631 -0.04023171 -0.11486446
v 0.000632 -0.04296171 -0.11522146
v 0.000636 -0.01691471 -0.11492546
v 0.00064 -0.03813071 -0.11552046
v 0.000642 -0.01878771 -0.10959846
v 0.000646 -0.03731071 -0.11526046
v 0.000646 -0.01233271 -0.11375846
v 0.000647 0.00323829 -0.05534046
v 0.000651 0.03191129 -0.09103246
v 0.000653 -0.02573371 -0.11364446
v 0.000656 -0.00563871 -0.11423246
v 0.000657 -0.02146271 -0.10515546
v 0.000665 -0.00098771 -0.11372846
v 0.000667 -0.01737771 -0.08071546
v 0.000669 0.03102329 -0.09527446
v 0.00067 -0.04119071 -0.11457646
v 0.000676 -0.01245171 -0.11374646
v 0.000678 -0.00258071 -0.11423846
v 0.000678 0.03269429 -0.08991146
v 0.000678 0.07017229 -0.07543246
v 0.000685 0.00310229 -0.11362346
v 0.000686 -0.04268571 -0.11488046
v 0.00069 -0.00061271 -0.11257246
v 0.00069 0.00059929 -0.11179946
v 0.000693 -0.01247771 -0.11475146
v 0.000693 -0.01206271 -0.11383346
v 0.000693 0.00276929 -0.05450946
v 0.000698 -0.02144971 -0.10616946
v 0.0007 0.03213529 -0.04764546
v 0.000704 -0.01873971 -0.11434646
v 0.000704 0.00234729 -0.05444346
v 0.000705 -0.01277471 -0.11306446
v 0.000711 -0.04223971 -0.11447446
v 0.000714 0.03422929 -0.08843746
v 0.000718 0.02157329 -0.09951146
v 0.000733 -0.01551571 -0.11537946
v 0.000738 -0.01379771 -0.11519546
v 0.000752 -0.02433271 -0.11342946
v 0.000753 -0.03868771 -0.11566546
v 0.000754 0.02444629 -0.05053946
v 0.000755 -0.00703171 -0.11459146
v 0.000768 -0.00547971 -0.11485646
v 0.000768 0.02715129 -0.04875546
v 0.000769 -0.01292471 -0.11457346
v 0.000773 -0.01762571 -0.11429846
v 0.000776 -0.00050971 -0.11391646
v 0.000776 0.00371929 -0.11393046
v 0.000778 -0.00619571 -0.11505746
v 0.000779 -0.00093971 -0.11417946
v 0.00078 0.00200329 -0.05852846
v 0.000786 -0.00635071 -0.11368846
v 0.000791 0.03598429 -0.08697446
v 0.000797 -0.00164871 -0.11449346
v 0.000799 -0.01390271 -0.11235646
v 0.000804 -0.04309171 -0.11513046
v 0.000806 -0.01023171 -0.05552746
v 0.000809 0.00403629 -0.11431446
v 0.00081 0.04350029 -0.07846246
v 0.000813 -0.01300471 -0.11450446
v 0.000818 0.03076329 -0.09538946
v 0.000824 -0.00110571 -0.11262046
v 0.000826 -0.00866371 -0.11492546
v 0.000829 -0.03710771 -0.11602346
v 0.000829 -0.03068671 -0.11321946
v 0.000831 -0.00936971 -0.11480146
v 0.000842 -0.04190571 -0.11445946
v 0.000844 -0.01265171 -0.11309246
v 0.000854 0.00169629 -0.05512346
v 0.000855 -0.01055571 -0.06446046
v 0.000856 -0.04277671 -0.11468346
v 0.000856 -0.00569471 -0.11357446
v 0.000861 -0.01175471 -0.11475146
v 0.000876 -0.03278071 -0.11427846
v 0.000879 0.03799329 -0.08524246
v 0.000881 0.03868629 -0.10346346
v 0.000882 -0.02152871 -0.11397046
v 0.000889 -0.01769371 -0.10183346
v 0.000889 -0.01556271 -0.11158846
v 0.000891 0.04226429 -0.05897946
v 0.000894 -0.01152571 -0.11387746
v 0.000894 -0.00698971 -0.11522046
v 0.000895 0.04040529 -0.10218446
v 0.000897 0.02639529 -0.10722746
v 0.000898 0.00257229 -0.05601146
v 0.000901 0.03071629 -0.04785646
v 0.000902 0.00203829 -0.05595346
v 0.000909 0.01602629 -0.09834146
v 0.000913 -0.00953271 -0.11556446
v 0.000915 -0.02355271 -0.11371646
v 0.000916 0.04702129 -0.10352646
v 0.000918 -0.03916571 -0.11567946
v 0.00092 -0.00541471 -0.05934246
v 0.000924 -0.01844771 -0.10323846
v 0.000925 0.00119329 -0.05847346
v 0.000929 -0.00705371 -0.11382846
v 0.000929 0.00016429 -0.11394446
v 0.00093 -0.00999971 -0.11459546
v 0.000941 -0.00876471 -0.11562246
v 0.000943 0.02195229 -0.09934746
v 0.000954 -0.04330571 -0.11514846
v 0.000956 -0.01226671 -0.11311946
v 0.000958 -0.00179471 -0.11271846
v 0.000958 0.00452329 -0.11433546
v 0.00096 0.02341829 -0.10874046
v 0.000963 0.00026029 -0.05974646
v 0.000963 0.00599629 -0.11214746
v 0.000981 0.00397429 -0.10964446
v 0.000981 0.03040729 -0.09552046
v 0.000988 0.00273229 -0.05526746
v 0.000989 0.03120929 -0.09382746
v 0.00099 0.04105129 -0.08210046
v 0.000994 -0.00334871 -0.11407446
v 0.000998 -0.00226171 -0.11455446
v 0.001 -0.00323971 -0.11353646
v 0.001006 -0.01093071 -0.06519246
v 0.001009 -0.02636471 -0.11337546
v 0.00101 -0.00479171 -0.11398746
v 0.00101 0.04000129 -0.08326846
v 0.001012 -0.04276271 -0.11474246
v 0.001014 -0.00858471 -0.11404546
v 0.001015 0.01648629 -0.11206746
v 0.001019 0.04313229 -0.10312846
v 0.001023 -0.01023771 -0.11532746
v 0.001023 0.03848529 -0.10421846
v 0.001036 0.00031629 -0.11189246
v 0.001037 0.03443029 -0.04756746
v 0.001039 -0.00920471 -0.11392246
v 0.001048 0.04877729 -0.09998346
v 0.001056 -0.00376171 -0.11411746
v 0.001056 -0.00282271 -0.11349946
v 0.00106 -0.03475371 -0.11530446
v 0.001066 0.00097129 -0.11382646
v 0.001068 -0.01653671 -0.11496246
v 0.001069 -0.01363671 -0.11237646
v 0.001071 0.00213229 -0.05517046
v 0.001083 -0.02068371 -0.11408746
v 0.00109 -0.01368771 -0.11514846
v 0.001094 -0.04139971 -0.11456946
v 0.001096 -0.00367071 -0.11353846
v 0.001098 -0.02505871 -0.11363046
v 0.001099 -0.01320271 -0.11541946
v 0.001102 0.02956229 -0.04809146
v 0.001106 0.04149429 -0.05144946
v 0.001108 -0.04169971 -0.11447446
v 0.001113 -0.00286671 -0.11379846
v 0.001126 -0.00466771 -0.11443546
v 0.001128 -0.01390771 -0.11488446
v 0.001129 -0.03082771 -0.11427146
v 0.00113 0.00503829 -0.11414946
v 0.001134 -0.00327271 -0.11438946
v 0.001134 0.00580129 -0.10320146
v 0.001135 -0.00484171 -0.11345246
v 0.001138 -0.00949771 -0.05756346
v 0.00114 -0.04188271 -0.11446646
v 0.00114 0.04310029 -0.05512546
v 0.001151 0.02243529 -0.09910846
v 0.001153 -0.03706971 -0.11673946
v 0.001153 -0.00282171 -0.11396146
v 0.001154 -0.01975671 -0.11420146
v 0.001154 0.02993029 -0.09572646
v 0.001157 0.00540029 -0.11281346
v 0.001158 -0.04358371 -0.11613046
v 0.001159 0.00645129 -0.11277046
v 0.001161 -0.02871471 -0.11327546
v 0.001163 -0.00788571 -0.11485646
v 0.001167 0.04277929 -0.06007046
v 0.001172 -0.00978871 -0.11375446
v 0.001174 -0.00403971 -0.11400546
v 0.001176 0.02198429 -0.05395146
v 0.001183 -0.05357771 -0.11179446
v 0.001185 0.00597529 -0.10420346
v 0.001187 -0.01513071 -0.11526346
v 0.001188 -0.01861471 -0.11425346
v 0.001197 -0.04322271 -0.11538146
v 0.001197 -0.00027471 -0.11409146
v 0.001204 0.02450629 -0.05052246
v 0.001205 -0.01004771 -0.05828546
v 0.001206 0.00162129 -0.11371946
v 0.001208 0.03768629 -0.04839546
v 0.001209 -0.00370171 -0.11448946
v 0.001218 -0.00225771 -0.11279346
v 0.001219 -0.01333371 -0.11239546
v 0.00122 -0.05887471 -0.10743346
v 0.001222 -0.00793071 -0.11403446
v 0.001224 -0.02271571 -0.11358846
v 0.001225 0.04028429 -0.10332646
v 0.001228 -0.04383171 -0.11655646
v 0.00123 -0.00793171 -0.11530346
v 0.001231 -0.01174371 -0.11317146
v 0.001235 0.02852829 -0.04832446
v 0.001238 -0.01049371 -0.11430346
v 0.00124 -0.02413171 -0.11365246
v 0.001246 -0.01730271 -0.11421846
v 0.001249 -0.01107271 -0.11390946
v 0.001251 0.01178029 -0.09445246
v 0.001256 -0.00400971 -0.11348546
v 0.001259 -0.01077971 -0.11499346
v 0.001259 0.02698429 -0.10751446
v 0.00126 -0.00604671 -0.11559846
v 0.001261 -0.01124971 -0.11459246
v 0.001262 -0.01730171 -0.09434746
v 0.001267 -0.00530071 -0.11531846
v 0.001272 -0.00279471 -0.11283746
v 0.001273 0.00539529 -0.11382146
v 0.001285 0.02945329 -0.09594746
v 0.001286 -0.01234671 -0.11546446
v 0.001288 -0.03978871 -0.11545846
v 0.001296 -0.00880271 -0.11593646
v 0.001298 -0.04725871 -0.11529046
v 0.001301 0.00227329 -0.11381246
v 0.001302 -0.04993471 -0.11406746
v 0.001308 0.00640529 -0.10769846
v 0.001309 -0.04478271 -0.11658546
v 0.001311 -0.00109271 -0.11439446
v 0.001315 0.03126129 -0.09230246
v 0.001318 -0.00962571 -0.11594246
v 0.001318 0.00152529 -0.05846746
v 0.001319 -0.00268371 -0.11412846
v 0.001329 0.04545229 -0.10455546
v 0.001333 -0.00398471 -0.11435446
v 0.001336 0.00320729 -0.11459346
v 0.001342 -0.04266571 -0.11508546
v 0.001344 0.02302429 -0.09878546
v 0.001346 -0.00688171 -0.11568746
v 0.001347 -9.471e-05 -0.11192846
v 0.001349 -0.00308371 -0.11458846
v 0.001349 0.02251029 -0.06941146
v 0.00135 0.00559129 -0.11328646
v 0.001353 0.07949529 -0.06040246
v 0.001361 -0.04123671 -0.11456546
v 0.001367 0.00711329 -0.09567546
v 0.001368 -0.02184971 -0.11364346
v 0.001371 0.00311929 -0.06003346
v 0.001372 -0.00333771 -0.11285846
v 0.00138 -0.01915871 -0.08939746
v 0.00138 -0.01500371 -0.11163146
v 0.00138 0.02898629 -0.09616646
v 0.001391 -0.00425571 -0.11382546
v 0.001399 0.00292029 -0.11416846
v 0.001409 0.00703729 -0.10663946
v 0.00141 -0.00795771 -0.11563646
v 0.001415 -0.01038371 -0.11569146
v 0.001418 -0.01892971 -0.09054046
v 0.001426 0.02214229 -0.06820846
v 0.001427 -0.03482171 -0.11650846
v 0.00143 -0.01027571 -0.11356346
v 0.001431 0.00728929 -0.09675946
v 0.001433 -0.00567571 -0.11280746
v 0.001439 0.02099429 -0.07009746
v 0.001439 0.02110229 -0.05833046
v 0.00144 -0.03288971 -0.11537846
v 0.001442 -0.01804371 -0.09512046
v 0.001445 -0.01477171 -0.11502046
v 0.001445 0.03812629 -0.10466046
v 0.001446 -0.00352171 -0.11469346
v 0.001457 -0.01281871 -0.11241446
v 0.001458 0.00479929 -0.11266346
v 0.001459 0.03180129 -0.09101346
v 0.001462 0.01059629 -0.08012846
v 0.001463 -0.04599171 -0.11628146
v 0.001463 -0.01207871 -0.06071646
v 0.001463 0.02843829 -0.09641846
v 0.001466 -0.00633871 -0.11283046
v 0.001467 0.03093629 -0.09384946
v 0.001471 -0.01177371 -0.05952046
v 0.001472 -0.00419871 -0.11416646
v 0.001485 0.02167429 -0.06702146
v 0.001493 0.02376629 -0.09842646
v 0.001502 -0.00451271 -0.11478946
v 0.001503 -0.00178071 -0.11447446
v 0.001505 0.00504929 -0.11241146
v 0.001505 0.04010929 -0.10406246
v 0.001511 0.02060729 -0.11027546
v 0.001512 0.01760929 -0.07308046
v 0.001513 -0.01117371 -0.11325746
v 0.001517 -0.02860371 -0.11428246
v 0.001518 0.02741129 -0.04869446
v 0.001519 -0.03707071 -0.11716846
v 0.00152 -0.00425471 -0.11347346
v 0.001521 -0.01609271 -0.11491646
v 0.001525 0.02782129 -0.09671246
v 0.001536 -0.00377871 -0.11284046
v 0.001536 0.02135529 -0.06559646
v 0.001538 0.01102729 -0.07933446
v 0.00155 -0.01173171 -0.11516446
v 0.001554 -0.01428871 -0.11527946
v 0.001555 -0.00386171 -0.11461746
v 0.001557 -0.02525971 -0.11340046
v 0.001557 0.00023829 -0.11397246
v 0.00156 -0.04124471 -0.11451146
v 0.001564 -0.00702071 -0.11282646
v 0.00157 -0.02707571 -0.11329446
v 0.001577 0.03765629 -0.10542746
v 0.001578 -0.01112471 -0.11453246
v 0.001583 0.02440629 -0.09811546
v 0.001583 0.02706829 -0.09703846
v 0.001586 0.02118429 -0.06409646
v 0.001589 -0.06164171 -0.10455046
v 0.00159 -0.00478271 -0.11279246
v 0.00159 0.04310429 -0.10490046
v 0.001593 0.00064729 -0.05927446
v 0.001593 0.00777029 -0.10102646
v 0.001594 -0.00959371 -0.05714446
v 0.001597 -0.00070271 -0.11200746
v 0.0016 0.00359029 -0.11467646
v 0.001602 -0.02073771 -0.11388146
v 0.001606 0.01018029 -0.08956846
v 0.001608 0.03261629 -0.08989046
v 0.001609 0.02096929 -0.06141646
v 0.001613 -0.01373971 -0.11547646
v 0.001613 -0.01076371 -0.11401046
v 0.001616 -0.01094171 -0.11526146
v 0.001616 0.02104729 -0.06271746
v 0.00162 -0.01845071 -0.11392946
v 0.001621 0.02492629 -0.09788946
v 0.001621 0.02625729 -0.09737746
v 0.001634 0.02557529 -0.09763746
v 0.001635 -0.02375471 -0.11347546
v 0.001636 0.00832329 -0.08869646
v 0.001647 0.01041929 -0.08485646
v 0.001648 -0.00226671 -0.11434046
v 0.001653 0.02466229 -0.05044646
v 0.001655 -0.04252471 -0.11553646
v 0.001663 -0.01953771 -0.11400046
v 0.001663 -0.00409971 -0.11444646
v 0.001664 -0.02042171 -0.09859546
v 0.001692 -0.01455771 -0.11167246
v 0.001695 0.00608729 -0.06078046
v 0.001696 0.01089229 -0.08385646
v 0.001697 0.02819329 -0.10783446
v 0.001699 -0.00273171 -0.11463146
v 0.001701 0.00527529 -0.11288546
v 0.001716 0.02745729 -0.10751446
v 0.001718 0.03979629 -0.10518246
v 0.00172 -0.01302271 -0.07781046
v 0.001721 -0.01691071 -0.11425546
v 0.001726 -0.01213471 -0.11245746
v 0.001733 0.01219329 -0.07244146
v 0.001738 0.00824329 -0.09968546
v 0.001739 0.01463129 -0.07678346
v 0.00174 0.00048329 -0.11399346
v 0.001743 0.00838629 -0.08772746
v 0.00175 -0.01067371 -0.11343646
v 0.001754 -0.03994071 -0.11522546
v 0.001757 -0.00801771 -0.11279846
v 0.001757 0.00737729 -0.11426046
v 0.00176 -0.00879571 -0.11599646
v 0.001761 -0.03493371 -0.11719146
v 0.001765 -0.00794471 -0.11575146
v 0.001766 -0.01282171 -0.11553346
v 0.001772 -0.00862971 -0.11280546
v 0.001779 -0.00422071 -0.11285146
v 0.001793 -0.01173971 -0.07126146
v 0.001799 -0.00322871 -0.11473746
v 0.001805 -0.00133271 -0.11205446
v 0.001808 0.01103629 -0.08478546
v 0.001809 -0.00049971 -0.11408346
v 0.00181 -0.00968071 -0.11603446
v 0.001812 -0.01320871 -0.07681646
v 0.001812 -0.00923571 -0.11273846
v 0.001812 0.01373229 -0.06628146
v 0.001817 0.01242029 -0.08076246
v 0.00182 0.00087929 -0.11533346
v 0.001821 0.01241929 -0.07756246
v 0.001823 0.00971829 -0.09241146
v 0.001825 0.01361129 -0.06701546
v 0.001829 -0.02051371 -0.09742146
v 0.001841 0.01421029 -0.06005046
v 0.001854 -0.00179771 -0.06028746
v 0.001856 0.04605929 -0.10651546
v 0.001858 -0.01139971 -0.11481646
v 0.001865 -0.01551371 -0.08583646
v 0.00187 -0.01552071 -0.11471946
v 0.00187 0.03410729 -0.08839046
v 0.001877 -0.00972571 -0.11269246
v 0.001881 0.00066029 -0.11420846
v 0.001885 -0.00361371 -0.11470046
v 0.00189 0.01273129 -0.07178546
v 0.001892 -0.01046571 -0.11574046
v 0.001895 0.00197929 -0.05952446
v 0.001895 0.01456929 -0.06128046
v 0.001901 0.02209929 -0.05394146
v 0.001903 0.03379929 -0.04764246
v 0.001909 -0.00135871 -0.11425846
v 0.001911 -0.01414171 -0.11169546
v 0.001911 -0.00100171 -0.11587446
v 0.001914 -0.01212071 -0.07040246
v 0.001922 0.01271329 -0.07659746
v 0.00193 -0.02516671 -0.11353846
v 0.00193 0.00993329 -0.09146046
v 0.00193 0.02395729 -0.10885046
v 0.001935 -0.00692071 -0.11564446
v 0.001941 -0.01208971 -0.11527746
v 0.001944 -0.00039971 -0.11417846
v 0.00195 -0.01562771 -0.08476946
v 0.001953 0.00353829 -0.11299246
v 0.001956 0.00393129 -0.11454146
v 0.001957 0.01637829 -0.09826446
v 0.00196 -0.00599771 -0.11546146
v 0.001962 -0.03299371 -0.11659446
v 0.001962 -0.03096871 -0.11539846
v 0.001967 0.04511329 -0.06408446
v 0.001971 -0.00396271 -0.11460746
v 0.001973 0.01538229 -0.05739646
v 0.001974 0.03103729 -0.09231146
v 0.001975 0.03745129 -0.04842746
v 0.001984 -0.01022571 -0.11262246
v 0.001992 -0.01106071 -0.11531346
v 0.001993 -0.01137971 -0.11253946
v 0.001993 0.00082029 -0.11474146
v 0.001995 0.00112729 -0.05906546
v 0.002 -0.02675871 -0.11443646
v 0.002002 -0.00199571 -0.11207246
v 0.002005 -0.00188371 -0.11428546
v 0.002007 -0.01842371 -0.10954046
v 0.002011 -0.00438871 -0.11481446
v 0.002022 -0.00517371 -0.11519846
v 0.002022 0.03056829 -0.09390746
v 0.002037 0.00359129 -0.11334146
v 0.002041 -0.02337871 -0.11359746
v 0.002047 0.02994829 -0.10819246
v 0.002052 0.00106329 -0.11566046
v 0.002055 -0.04257871 -0.11597246
v 0.002058 0.04269429 -0.10611646
v 0.002062 -0.02086571 -0.11407146
v 0.002065 0.08853329 -0.04304746
v 0.00207 -0.05264671 -0.11160646
v 0.002071 0.00829829 -0.11443846
v 0.002075 -0.03905171 -0.11479746
v 0.002076 -0.00236071 -0.11448746
v 0.002079 -0.00118171 -0.11429946
v 0.002086 0.00364329 -0.11275646
v 0.002089 -0.01069171 -0.11261846
v 0.002092 0.01553429 -0.06299646
v 0.002104 0.03708229 -0.10584246
v 0.00211 -0.06456571 -0.10096746
v 0.00211 -0.01156871 -0.11490346
v 0.002118 0.03581429 -0.08686046
v 0.002122 -0.00045271 -0.11448246
v 0.002123 -0.01470071 -0.11504746
v 0.002126 -0.00274371 -0.11618746
v 0.002126 0.02785529 -0.04864146
v 0.002135 0.02881329 -0.10783846
v 0.002137 -0.00794471 -0.11566746
v 0.002138 0.03935829 -0.10597946
v 0.002141 -0.03951971 -0.11505046
v 0.002146 0.00361829 -0.10970846
v 0.002148 -0.03707771 -0.11747246
v 0.002148 -0.01374871 -0.06618746
v 0.002152 -0.00092571 -0.11624846
v 0.002153 -0.01357071 -0.11169746
v 0.002156 -0.05741471 -0.10811146
v 0.002163 -0.00172171 -0.11441546
v 0.002164 -0.00287271 -0.11461146
v 0.002165 -0.01919771 -0.11412546
v 0.002173 -0.01769571 -0.11428746
v 0.002184 -0.00276971 -0.11207346
v 0.002189 -0.01736171 -0.10189546
v 0.002194 -0.01277271 -0.05277346
v 0.002202 -0.00103671 -0.11449946
v 0.002211 -0.00995071 -0.05534846
v 0.002214 -0.01409571 -0.11520046
v 0.002216 0.03225829 -0.10823646
v 0.002222 0.03632929 -0.10673446
v 0.002225 -0.00936571 -0.05750946
v 0.002235 -0.00873371 -0.11589746
v 0.002239 -0.01593971 -0.11438646
v 0.002242 -0.00334171 -0.11468146
v 0.00225 0.01420729 -0.06865346
v 0.002251 -0.01689071 -0.08204946
v 0.002252 -0.00223371 -0.11453346
v 0.002265 -0.04903571 -0.11355846
v 0.002267 0.03163129 -0.09102646
v 0.002268 0.01080229 -0.11410746
v 0.00227 0.01549429 -0.06415046
v 0.00227 0.04187929 -0.05895846
v 0.002287 0.00413229 -0.11426246
v 0.002293 -0.00149071 -0.11472146
v 0.002293 -0.00095571 -0.11521146
v 0.002299 -0.03512371 -0.11780946
v 0.0023 -0.04620171 -0.11475746
v 0.002302 -0.00379371 -0.11470946
v 0.002309 -0.01318771 -0.11524746
v 0.002313 0.03451529 -0.10778646
v 0.002315 -0.01503871 -0.07437546
v 0.002319 -0.00273571 -0.11464146
v 0.002325 -0.00336471 -0.11205946
v 0.002329 0.00425829 -0.11344846
v 0.002331 0.03781129 -0.08507246
v 0.002333 -0.00968071 -0.11582946
v 0.002339 -0.01232171 -0.11510846
v 0.002343 0.01218529 -0.09445146
v 0.002344 -0.03106071 -0.11678346
v 0.002344 -0.00437171 -0.11478246
v 0.002347 -0.04342271 -0.11598346
v 0.002351 -0.01115571 -0.11520346
v 0.002354 0.00400929 -0.11375946
v 0.002361 -0.01053071 -0.11554646
v 0.002367 -0.00449671 -0.11662446
v 0.002367 0.02266829 -0.06968146
v 0.002375 -0.00282171 -0.11659146
v 0.002376 -0.00512771 -0.11491546
v 0.002379 0.01429329 -0.06943446
v 0.002381 -0.01719871 -0.08075146
v 0.002383 -0.01167871 -0.11484146
v 0.002387 -0.00319971 -0.11473646
v 0.002388 -0.00978771 -0.05835246
v 0.00239 0.02494729 -0.05033346
v 0.002392 -0.00225171 -0.11487646
v 0.0024 0.03875529 -0.10699646
v 0.002402 -0.03314371 -0.11736946
v 0.00241 -0.01497671 -0.11474546
v 0.002418 -0.01446771 -0.06704646
v 0.002423 -0.00267371 -0.11483846
v 0.002424 -0.04106671 -0.11545046
v 0.002424 0.04089929 -0.08188446
v 0.002425 -0.02498671 -0.11467746
v 0.002429 -0.01027571 -0.06450746
v 0.002436 -0.01736571 -0.09460046
v 0.002441 -0.00406971 -0.11205346
v 0.002443 -0.00459271 -0.11203046
v 0.002443 0.04529629 -0.06889846
v 0.002454 -0.00369871 -0.11479946
v 0.002463 0.03984629 -0.08305546
v 0.002466 -0.01574171 -0.11489146
v 0.002469 0.02127929 -0.05825146
v 0.002472 0.04119929 -0.05152346
v 0.002474 -0.00436771 -0.11490046
v 0.002477 -0.00608871 -0.11511946
v 0.002477 0.03231329 -0.04781946
v 0.002478 -0.01271171 -0.11173446
v 0.00248 -0.00528671 -0.11202146
v 0.002483 -0.00712671 -0.11530146
v 0.002483 0.02229829 -0.06837546
v 0.002485 -0.01694271 -0.11508746
v 0.002492 -0.00305871 -0.11503446
v 0.002492 0.00687129 -0.09566546
v 0.002493 -0.04470471 -0.11555246
v 0.002495 0.00126029 -0.11571346
v 0.002498 -0.01423971 -0.11486246
v 0.0025 -0.00505871 -0.11505446
v 0.002505 -0.00259971 -0.11553446
v 0.002518 -0.00607671 -0.11200146
v 0.002522 0.03088529 -0.10815646
v 0.002523 -0.01577271 -0.07341346
v 0.002528 -0.01502171 -0.11487746
v 0.002534 -0.01813671 -0.10323546
v 0.002542 -0.00859971 -0.11547346
v 0.002542 -0.00690671 -0.11199746
v 0.002546 0.03245929 -0.08986946
v 0.002548 -0.00440471 -0.11515946
v 0.002548 0.00531829 -0.10317546
v 0.002549 0.04234129 -0.06003146
v 0.002552 -0.02879871 -0.11541146
v 0.002556 0.04554429 -0.10809046
v 0.002558 -0.00385071 -0.11515546
v 0.002559 0.02851929 -0.04855946
v 0.002565 -0.00614771 -0.11528446
v 0.002574 -0.00636571 -0.11718546
v 0.00258 0.03086629 -0.04802546
v 0.002582 -0.00090071 -0.11647446
v 0.002591 -0.01860071 -0.11518946
v 0.002594 -0.02063271 -0.11507746
v 0.002594 -0.01332271 -0.11497046
v 0.002598 -0.00500771 -0.11546046
v 0.002598 0.02961129 -0.04829446
v 0.002602 0.02111429 -0.07023446
v 0.002604 -0.06702071 -0.09786746
v 0.002605 0.02227629 -0.05387846
v 0.00261 -0.00961371 -0.11537346
v 0.002613 -0.01067971 -0.06517046
v 0.002617 0.03554729 -0.10703846
v 0.002619 -0.00790471 -0.11198846
v 0.002628 -0.00439971 -0.11594346
v 0.002632 -0.00451071 -0.11714446
v 0.002633 0.02183729 -0.06710846
v 0.002635 -0.00722371 -0.11544346
v 0.002638 0.04278129 -0.05517446
v 0.00264 -0.05151071 -0.11136046
v 0.002641 -0.01437471 -0.11503446
v 0.002642 -0.01170171 -0.11478546
v 0.002646 -0.00623571 -0.11579646
v 0.002649 -0.01120271 -0.11502546
v 0.002649 0.04247229 -0.10768646
v 0.002651 0.03006929 -0.09396946
v 0.002653 -0.02289071 -0.11484446
v 0.002667 -0.01249971 -0.11486546
v 0.002669 -0.01809871 -0.09522846
v 0.002669 -0.00633171 -0.11646246
v 0.002669 0.03337829 -0.10779646
v 0.002672 -0.00835871 -0.11757146
v 0.002678 -0.01057071 -0.11519346
v 0.002695 -0.00848071 -0.11553746
v 0.002696 -0.00855171 -0.11199946
v 0.0027 -0.00758871 -0.11596746
v 0.002705 0.00707129 -0.09675946
v 0.002716 0.00102729 -0.11361246
v 0.002717 -0.00842271 -0.11585346
v 0.002722 0.02461229 -0.10916746
v 0.002737 0.00551229 -0.10428446
v 0.00274 0.02156429 -0.11032046
v 0.002744 -0.00840171 -0.11678246
v 0.002751 -0.01349371 -0.11518346
v 0.002754 0.02152029 -0.06562046
v 0.002757 -0.00929771 -0.11200646
v 0.002763 -0.00948371 -0.11551146
v 0.002764 -0.00982971 -0.11200946
v 0.002767 -0.00919771 -0.11607946
v 0.002767 0.04467629 -0.07371646
v 0.002769 -0.01506671 -0.11539446
v 0.002772 -0.03713171 -0.11710946
v 0.002779 -0.02106771 -0.10614046
v 0.00278 -0.05936471 -0.10627446
v 0.002783 -0.02120071 -0.10518346
v 0.002788 0.01689029 -0.09812246
v 0.00279 0.04316229 -0.07816146
v 0.002792 0.00111929 -0.11424246
v 0.002798 -0.01167771 -0.11185346
v 0.0028 -0.01122571 -0.11518746
v 0.002807 -0.01172171 -0.11492046
v 0.00281 -0.01054371 -0.11778746
v 0.002817 -0.01036071 -0.11197646
v 0.00282 -0.01057671 -0.11686146
v 0.002824 -0.01053971 -0.11605946
v 0.002824 -0.00283771 -0.11686946
v 0.002829 -0.03523371 -0.11811846
v 0.002829 -0.01251571 -0.11510246
v 0.002829 -0.01085071 -0.11193446
v 0.00283 -0.01054171 -0.11538746
v 0.002831 -0.00633071 -0.11778446
v 0.002838 -0.05566471 -0.10881546
v 0.002841 0.03065329 -0.09235746
v 0.002844 0.03699829 -0.04850146
v 0.002845 -0.03122871 -0.11768846
v 0.002851 0.02136029 -0.06406146
v 0.002857 0.00107029 -0.11331046
v 0.002859 -0.04785071 -0.11285046
v 0.00286 -0.04143171 -0.11536746
v 0.002862 0.01773229 -0.07324246
v 0.002869 -0.01171471 -0.11577546
v 0.00287 0.02117029 -0.06139546
v 0.002876 -0.02883271 -0.11689846
v 0.002885 0.01052029 -0.08970046
v 0.002886 0.00136129 -0.11551046
v 0.002896 0.04149129 -0.10869246
v 0.002904 0.02123829 -0.06264746
v 0.002908 -0.03888971 -0.11515046
v 0.002917 -0.01414971 -0.11587846
v 0.002926 -0.01307771 -0.11593646
v 0.002933 0.02519629 -0.05026146
v 0.002939 -0.03333271 -0.11809646
v 0.002945 -0.01617771 -0.11578046
v 0.002947 -0.01141571 -0.05966746
v 0.002963 -0.01277471 -0.07790346
v 0.002963 -0.00832271 -0.11830046
v 0.002969 -0.01264271 -0.11795746
v 0.002984 0.03797829 -0.10762946
v 0.002987 -0.01264371 -0.11692346
v 0.003007 -0.01179571 -0.06073046
v 0.003008 -0.00093071 -0.11634146
v 0.003009 0.01734929 -0.11192546
v 0.00302 -0.01142871 -0.07107046
v 0.003026 0.01002729 -0.07971146
v 0.003036 0.03383929 -0.08829346
v 0.003042 0.00124929 -0.11489446
v 0.003056 -0.00487671 -0.05940746
v 0.003058 -0.01880471 -0.09084646
v 0.003061 -0.00453871 -0.11742846
v 0.00307 -0.02663471 -0.11553446
v 0.003095 -0.00068171 -0.05995846
v 0.003117 0.01484229 -0.07697346
v 0.003123 -0.01801371 -0.11592346
v 0.003126 -0.01049171 -0.11868246
v 0.003131 -0.00114371 -0.11490146
v 0.003133 0.02960529 -0.09404446
v 0.003146 0.00602629 -0.10783746
v 0.003148 -0.01174971 -0.07022646
v 0.003151 -0.01895371 -0.08968846
v 0.003166 0.01135729 -0.08498446
v 0.003174 -0.01790871 -0.10951846
v 0.003191 -0.01293271 -0.07682246
v 0.003199 0.07158929 -0.09706246
v 0.003207 -0.00103571 -0.11567846
v 0.003214 -0.01515671 -0.11700546
v 0.003215 -0.03714071 -0.11602746
v 0.003223 0.01050129 -0.07902546
v 0.003228 -0.01541071 -0.08586246
v 0.003228 -0.00116171 -0.11396446
v 0.003235 0.00137029 -0.11410946
v 0.003255 -0.00290671 -0.11675346
v 0.003271 0.03698329 -0.10864546
v 0.003273 -0.00941771 -0.05723446
v 0.003282 -0.03705671 -0.11545746
v 0.003287 0.01269929 -0.08097146
v 0.003294 -0.01551271 -0.08485846
v 0.003295 -0.04185471 -0.11463146
v 0.0033 -0.01514171 -0.11798846
v 0.003301 -0.00632471 -0.11806046
v 0.003306 0.02292229 -0.06970746
v 0.003346 -0.02035871 -0.11611546
v 0.003359 -0.03890371 -0.11494646
v 0.003364 0.00818629 -0.08724346
v 0.003366 -0.02479071 -0.11574546
v 0.003366 0.00735029 -0.10064546
v 0.003369 0.04075829 -0.10999146
v 0.003372 0.01270829 -0.09448146
v 0.003374 -0.00110971 -0.11366646
v 0.003374 0.00793329 -0.08825946
v 0.003379 0.01024029 -0.08503846
v 0.00338 0.01064029 -0.08388846
v 0.003389 0.00310029 -0.10970746
v 0.003409 -0.01768271 -0.11705246
v 0.003417 -0.01266671 -0.11885446
v 0.003418 -0.02886771 -0.11785246
v 0.003419 0.03123529 -0.09104946
v 0.003425 -0.05719071 -0.10754846
v 0.003433 0.00667829 -0.10681146
v 0.003434 -0.00301371 -0.11613746
v 0.003436 -0.00317071 -0.11531546
v 0.003442 -0.00829371 -0.11861546
v 0.003446 0.04153829 -0.05902046
v 0.003453 0.02259229 -0.05375246
v 0.003458 -0.02040971 -0.09840946
v 0.003459 0.03547629 -0.08664846
v 0.00346 0.02563529 -0.05009546
v 0.003461 0.02530829 -0.10934846
v 0.003464 0.01748529 -0.09789846
v 0.003465 0.04965729 -0.10791746
v 0.003471 -0.01673571 -0.09461846
v 0.003479 -0.03350571 -0.11845846
v 0.003486 -0.03699571 -0.11524646
v 0.003486 -0.00959671 -0.05830546
v 0.003486 0.00910029 -0.06061746
v 0.00349 -0.02263971 -0.11595646
v 0.003497 0.02253929 -0.06841646
v 0.003509 0.00639329 -0.09519946
v 0.003514 -0.04197571 -0.11384546
v 0.003515 -0.02037871 -0.09720346
v 0.003525 -0.00458571 -0.11736846
v 0.00353 0.03605329 -0.10919846
v 0.00354 -0.03532171 -0.11776846
v 0.003542 -0.03147571 -0.11849246
v 0.003548 0.02160029 -0.05810546
v 0.003549 -0.04896471 -0.11104146
v 0.003557 0.00413729 -0.06053446
v 0.003562 -0.02652171 -0.11699146
v 0.003562 -0.00323971 -0.11410446
v 0.003581 -0.00963271 -0.05526546
v 0.003583 0.04081729 -0.05157946
v 0.003607 -0.01666071 -0.08217546
v 0.00361 -0.01755471 -0.11805746
v 0.003618 -0.01045171 -0.11896246
v 0.00362 -0.00082771 -0.11408646
v 0.003634 0.03472329 -0.10992246
v 0.003661 0.00919329 -0.09256146
v 0.003661 0.02145329 -0.07040046
v 0.003663 0.03211129 -0.08981246
v 0.003665 0.00790929 -0.09944646
v 0.003665 0.02638229 -0.10975846
v 0.003674 -0.01700071 -0.08099246
v 0.003677 -0.01686271 -0.10217746
v 0.003689 -0.03892271 -0.11445546
v 0.003697 0.01960629 -0.11144646
v 0.003712 -0.01735271 -0.09510246
v 0.003714 -0.02015071 -0.11719246
v 0.003724 0.02884329 -0.09421046
v 0.003732 0.00644729 -0.09638446
v 0.003734 0.03641529 -0.04857846
v 0.00374 -0.00499471 -0.11491546
v 0.00374 -0.00489471 -0.11582146
v 0.003752 -0.04550871 -0.11175546
v 0.003762 0.02211929 -0.06711846
v 0.003763 -0.01001871 -0.06433546
v 0.003772 -0.00469971 -0.11670346
v 0.003773 -0.00634771 -0.11791546
v 0.003774 0.09648829 -0.02170346
v 0.003782 -0.00312971 -0.11381246
v 0.003784 -0.06169871 -0.10380946
v 0.003787 0.01309329 -0.06597346
v 0.003802 0.00953229 -0.09152146
v 0.003804 -0.05055471 -0.11036746
v 0.003804 -0.03509271 -0.11547546
v 0.003826 0.03744129 -0.08476446
v 0.003836 0.01200329 -0.07745246
v 0.003843 -0.03691071 -0.11488946
v 0.003847 -0.01506471 -0.11887946
v 0.003855 -0.03523271 -0.11634846
v 0.00387 -0.01341071 -0.06630446
v 0.003871 -0.02455771 -0.11709846
v 0.003873 -0.03892271 -0.11381646
v 0.003873 0.01295229 -0.06674146
v 0.003888 0.00028229 -0.05965846
v 0.00389 0.00506429 -0.10316746
v 0.003894 0.02226229 -0.11072646
v 0.003896 0.04455829 -0.06390046
v 0.003898 0.04191929 -0.06004646
v 0.003904 0.08684329 -0.08120746
v 0.003906 0.01381329 -0.06004946
v 0.003917 -0.00831871 -0.11838746
v 0.00392 0.02995529 -0.09240346
v 0.003939 -0.02234571 -0.11727346
v 0.003952 0.03959729 -0.11088546
v 0.003961 -0.03496271 -0.11527346
v 0.003967 -0.01265671 -0.11909746
v 0.003977 -0.01032071 -0.06501346
v 0.003977 0.02181329 -0.06559046
v 0.00398 0.01196829 -0.07254046
v 0.003991 -0.00660671 -0.11630646
v 0.003995 -0.01766071 -0.10335246
v 0.003995 0.04237029 -0.05523646
v 0.003997 -0.04198971 -0.11221746
v 0.003997 -0.01237471 -0.07807246
v 0.004 -0.00644671 -0.11717046
v 0.004009 0.01810529 -0.09762546
v 0.00402 0.02871129 -0.11033346
v 0.004031 0.02742929 -0.10993646
v 0.004038 -0.00672971 -0.11516746
v 0.004039 -0.01091171 -0.07099646
v 0.004041 0.04050729 -0.08143046
v 0.004043 0.03947429 -0.08263546
v 0.00405 0.03162429 -0.11063846
v 0.004058 -0.03683171 -0.11439946
v 0.004058 0.02624129 -0.04989046
v 0.00406 0.01240129 -0.07659246
v 0.004079 0.00160829 -0.05989746
v 0.004082 -0.01735271 -0.10954146
v 0.004094 -0.01045671 -0.11867046
v 0.0041 -0.01477271 -0.07447946
v 0.00411 0.00523829 -0.10426146
v 0.004126 0.02812629 -0.09441446
v 0.004127 0.02166729 -0.06397046
v 0.004131 -0.02001771 -0.11807246
v 0.004132 -0.01516571 -0.08581746
v 0.00414 -0.01823871 -0.09076346
v 0.004143 0.01418129 -0.06121246
v 0.004148 -0.02654671 -0.11790046
v 0.004153 0.01248029 -0.07181946
v 0.004155 0.03320629 -0.11014346
v 0.004156 -0.00262071 -0.11458146
v 0.004159 0.01103429 -0.08990846
v 0.004166 -0.03170671 -0.11877646
v 0.00418 -0.01106271 -0.05976646
v 0.004183 0.02154629 -0.06129546
v 0.004184 0.02329629 -0.06990746
v 0.004186 -0.00841471 -0.11754346
v 0.00419 -0.01412871 -0.06720446
v 0.004194 -0.03675771 -0.11372146
v 0.004198 -0.01251371 -0.07696046
v 0.004202 -0.00678971 -0.11418146
v 0.004208 -0.00858071 -0.11657646
v 0.004209 -0.02897371 -0.11866046
v 0.004212 -0.00027171 -0.11572946
v 0.004221 0.02159029 -0.06250046
v 0.004229 -0.01745871 -0.11884546
v 0.00423 -0.01116871 -0.07010246
v 0.004234 -0.03489571 -0.11486446
v 0.004247 -0.03889071 -0.11251546
v 0.004261 -0.03361771 -0.11813746
v 0.004268 -0.01852071 -0.08965946
v 0.004275 0.01809829 -0.07336946
v 0.004279 0.03336429 -0.08811546
v 0.004288 -0.01530871 -0.08481046
v 0.004304 0.01329829 -0.09448646
v 0.004306 0.02994329 -0.11040346
v 0.004317 -0.00862971 -0.11545646
v 0.004351 0.01459529 -0.05738846
v 0.004359 -0.01052671 -0.11778446
v 0.004361 0.00243329 -0.10974446
v 0.00437 -0.01149471 -0.06083046
v 0.004374 -0.04464271 -0.11144646
v 0.004397 -0.01500871 -0.11913546
v 0.004398 -0.01610071 -0.09476546
v 0.004399 -0.01267771 -0.11878546
v 0.004402 -0.03321271 -0.11571846
v 0.004415 -0.03480971 -0.11440946
v 0.004424 0.03571129 -0.04861746
v 0.004431 -0.00911271 -0.05750846
v 0.004437 -0.01551171 -0.07356646
v 0.004444 -0.01058371 -0.11672046
v 0.004475 -0.03298871 -0.11543246
v 0.004477 -0.03474471 -0.11380446
v 0.00448 -0.05160771 -0.11000646
v 0.004483 -0.01064171 -0.11548046
v 0.004495 0.02728829 -0.09464946
v 0.004497 -0.03663271 -0.11269846
v 0.004507 0.01359329 -0.06833346
v 0.004508 0.01883629 -0.09728746
v 0.004512 0.02314129 -0.05360046
v 0.004526 -0.02221671 -0.11809046
v 0.004533 0.00898729 -0.07951446
v 0.004542 -0.05845971 -0.10641046
v 0.004545 -0.03341471 -0.11679446
v 0.004548 0.02291529 -0.06854446
v 0.004557 -0.02440371 -0.11799146
v 0.004565 -0.02052571 -0.10625646
v 0.004568 -0.01666971 -0.09525246
v 0.00457 -0.04186771 -0.11176946
v 0.00457 0.01187229 -0.08523246
v 0.004573 0.00537029 -0.10784846
v 0.004576 0.00738329 -0.08798346
v 0.004577 0.04469729 -0.06860346
v 0.004607 -0.00893771 -0.05717046
v 0.004611 0.00573729 -0.09514346
v 0.004621 -0.02075471 -0.10530146
v 0.004625 -0.01275971 -0.11783146
v 0.004629 0.02932829 -0.09238646
v 0.00464 0.01533529 -0.07718946
v 0.004644 0.04088229 -0.05898746
v 0.004652 0.02698829 -0.04967046
v 0.004655 0.03050729 -0.09102846
v 0.004667 -0.03281871 -0.11497646
v 0.004668 0.00767529 -0.08705246
v 0.00468 0.02183529 -0.07064946
v 0.004686 0.04405429 -0.11076746
v 0.00469 0.02210129 -0.05788446
v 0.004693 -0.00941371 -0.05847646
v 0.004704 0.04251129 -0.07762346
v 0.004713 -0.01284071 -0.11675846
v 0.00472 0.00693129 -0.10072946
v 0.004724 0.01371929 -0.06910046
v 0.004726 0.01325429 -0.08122546
v 0.004734 -0.03465171 -0.11286446
v 0.004759 0.02650429 -0.09488546
v 0.00476 -0.01989071 -0.11881146
v 0.00476 0.01499029 -0.06278546
v 0.004771 0.04020529 -0.05150646
v 0.004774 -0.03271371 -0.11442346
v 0.004775 -0.01637571 -0.10209046
v 0.004787 -0.00857171 -0.11395146
v 0.004799 0.00950129 -0.07880846
v 0.004804 -0.03175271 -0.11842246
v 0.004804 -0.00917271 -0.05534846
v 0.004807 -0.00917371 -0.06434446
v 0.004809 -0.01287071 -0.11571846
v 0.004809 0.05494729 -0.10754546
v 0.004813 -0.03887971 -0.11205546
v 0.004813 -0.01495371 -0.11881146
v 0.004816 -0.01969971 -0.09723546
v 0.004816 -0.01956171 -0.09858946
v 0.004821 -0.03261171 -0.11386546
v 0.00483 0.00607529 -0.10681346
v 0.004848 -0.01735571 -0.11905946
v 0.004848 -0.01665871 -0.10963746
v 0.00485 0.03492329 -0.08630846
v 0.004856 0.02320229 -0.11118746
v 0.004878 -0.02654371 -0.11868846
v 0.004884 0.04400729 -0.07326846
v 0.004894 0.01968429 -0.09693646
v 0.004902 0.02253929 -0.06715146
v 0.004904 -0.01633571 -0.08218546
v 0.004918 0.00026529 -0.11657946
v 0.004925 0.00585329 -0.09635146
v 0.004943 -0.01497271 -0.11786146
v 0.004945 0.03850529 -0.11213946
v 0.004953 -0.02909971 -0.11889946
v 0.004958 -0.01190971 -0.07830446
v 0.004961 0.01479629 -0.06392046
v 0.004964 0.00727329 -0.09922946
v 0.004964 0.02572229 -0.09512846
v 0.00497 -0.01500071 -0.11682846
v 0.004974 -0.03248771 -0.11309646
v 0.004974 0.03141829 -0.08969846
v 0.004993 -0.06382871 -0.10111846
v 0.004999 -0.00956571 -0.06509746
v 0.005007 0.00170429 -0.10986546
v 0.005008 0.03470629 -0.04863946
v 0.005017 0.00838729 -0.09247146
v 0.00503 -0.03655071 -0.11229546
v 0.005043 -0.01504671 -0.11579346
v 0.005067 0.02765829 -0.04953446
v 0.005076 -0.03056171 -0.11513246
v 0.00508 -0.01666071 -0.08106046
v 0.005095 -0.03131671 -0.11621146
v 0.005098 -0.01194271 -0.07722246
v 0.005099 0.01394729 -0.09446846
v 0.005106 0.02010429 -0.11203246
v 0.005115 -0.00340571 -0.05953446
v 0.005124 -0.03038771 -0.11460246
v 0.005129 -0.00788171 -0.11492046
v 0.00513 0.00970929 -0.08518346
v 0.005139 -0.03088271 -0.11588546
v 0.00514 0.02477329 -0.09543146
v 0.005145 0.04117629 -0.05994846
v 0.005146 -0.01051571 -0.11388546
v 0.005148 0.02074729 -0.09659646
v 0.005163 -0.03030371 -0.11410846
v 0.005165 -0.01700471 -0.10320346
v 0.005166 -0.03458871 -0.11249946
v 0.005167 -0.03157171 -0.11721946
v 0.005169 -0.04199171 -0.11217646
v 0.005171 -0.02207471 -0.11888846
v 0.005185 -0.04469071 -0.11197146
v 0.005186 0.03682529 -0.11243546
v 0.005202 -0.03023771 -0.11332946
v 0.005206 -0.01769971 -0.09068946
v 0.005213 0.02229129 -0.06553046
v 0.005214 -0.01513371 -0.11456146
v 0.00522 -0.01734371 -0.11587746
v 0.00525 -0.02424571 -0.11889946
v 0.005254 -0.01730471 -0.11687046
v 0.005255 0.00702529 -0.08784146
v 0.005262 -0.01728871 -0.11875346
v 0.005267 0.00867229 -0.09141946
v 0.005268 0.02374729 -0.09572946
v 0.005281 0.01023829 -0.08413846
v 0.005281 0.02827429 -0.04937546
v 0.005284 0.02164729 -0.09630746
v 0.005285 -0.01033471 -0.07090646
v 0.005319 -0.03242471 -0.11271546
v 0.005321 -0.01727971 -0.11785346
v 0.005322 0.02274829 -0.09600146
v 0.00533 -0.01738771 -0.11458546
v 0.005335 0.02386829 -0.07002746
v 0.00537 -0.01981171 -0.11907146
v 0.005371 0.04171829 -0.05526946
v 0.005372 -0.01436571 -0.07459446
v 0.005378 0.03680729 -0.08427546
v 0.005391 -0.01805271 -0.08961246
v 0.005391 -0.01585071 -0.09467346
v 0.005395 -0.01277371 -0.06644946
v 0.0054 0.01175129 -0.09005846
v 0.005403 -0.01463071 -0.08593146
v 0.005423 0.02218329 -0.06382646
v 0.005425 -0.01280771 -0.11373246
v 0.005446 0.01101929 -0.11407146
v 0.005455 -0.02015071 -0.11447146
v 0.00546 -0.00847671 -0.05763146
v 0.005464 -0.01026171 -0.11443346
v 0.005465 -0.02924171 -0.11848846
v 0.005467 0.02823529 -0.09244546
v 0.005477 -0.03017871 -0.11295246
v 0.005477 0.02215629 -0.06108246
v 0.005488 -0.05244371 -0.10985246
v 0.005497 0.00734229 -0.08696746
v 0.005498 -0.03983971 -0.11287246
v 0.005503 0.02980629 -0.09090946
v 0.005512 -0.02001971 -0.11592346
v 0.005513 -0.01579671 -0.10982646
v 0.005526 0.04751829 -0.11103046
v 0.005529 -0.01478271 -0.08497946
v 0.00553 0.00473429 -0.10306546
v 0.005532 -0.02725671 -0.11378646
v 0.005537 0.02217129 -0.06226346
v 0.005544 -0.02896771 -0.11652446
v 0.005547 -0.02705571 -0.11460646
v 0.005549 0.02381429 -0.05340846
v 0.005549 0.03328829 -0.04874146
v 0.005558 -0.01054271 -0.07002846
v 0.005576 0.03264229 -0.08783646
v 0.0056 -0.02449071 -0.11397446
v 0.005602 0.02922829 -0.04920846
v 0.005607 -0.01078471 -0.05984246
v 0.005609 -0.02260271 -0.11454646
v 0.005611 0.03508029 -0.11298346
v 0.005615 0.00479829 -0.10419646
v 0.005629 -0.02691671 -0.11525246
v 0.005637 -0.03473771 -0.11321146
v 0.005657 -0.02915771 -0.11732346
v 0.005667 -0.01987771 -0.11697146
v 0.005675 -0.03664271 -0.11339846
v 0.00568 0.04371329 -0.06370246
v 0.005691 0.00078429 -0.10999346
v 0.005694 -0.02664371 -0.11887846
v 0.005699 -0.00944071 -0.11698646
v 0.005706 0.01863129 -0.07364046
v 0.005707 -0.02744171 -0.11320946
v 0.005709 -0.02442671 -0.11494546
v 0.00571 0.01121229 -0.07224146
v 0.00572 -0.01732671 -0.11362346
v 0.005726 -0.02682571 -0.11584546
v 0.005746 -0.01630871 -0.09521346
v 0.005746 0.03975829 -0.08076046
v 0.005747 -0.01897171 -0.09865046
v 0.005748 0.03874029 -0.08199446
v 0.005754 -0.02005771 -0.11353146
v 0.005758 0.02409629 -0.11197146
v 0.005767 -0.02507871 -0.11553346
v 0.005769 -0.01103271 -0.06092346
v 0.005771 -0.00833571 -0.06442446
v 0.005773 -0.00884371 -0.05860846
v 0.005777 -0.01972371 -0.11877746
v 0.005793 -0.01917471 -0.09730646
v 0.005797 0.03208829 -0.04885046
v 0.005803 -0.01343971 -0.06733846
v 0.005805 0.02342029 -0.06864146
v 0.005815 -0.01124971 -0.07754946
v 0.005819 -0.02228071 -0.11341946
v 0.005821 -0.02200271 -0.11916646
v 0.005823 -0.02459771 -0.11329946
v 0.005823 -0.00864071 -0.05544846
v 0.005837 -0.01975971 -0.11790546
v 0.005837 0.01471929 -0.09439446
v 0.005838 -0.01137071 -0.07863346
v 0.005838 0.01115829 -0.07732046
v 0.005838 0.01253729 -0.08558646
v 0.005841 -0.01221871 -0.11477246
v 0.00585 -0.02683471 -0.11646846
v 0.005855 -0.03304671 -0.11389146
v 0.005855 0.03017629 -0.04910746
v 0.005862 0.00464729 -0.10793046
v 0.005871 -0.02260571 -0.11613046
v 0.005889 -0.01508871 -0.07369446
v 0.005911 0.02281529 -0.05761946
v 0.005913 0.02259929 -0.07096846
v 0.005917 0.03106829 -0.04900246
v 0.00593 -0.02452071 -0.11599746
v 0.005934 0.03314629 -0.11312746
v 0.005942 -0.01213771 -0.05283246
v 0.005945 0.01254529 -0.06580946
v 0.005947 0.01317829 -0.05974746
v 0.005949 0.01339729 -0.05933846
v 0.005949 0.02148329 -0.11262246
v 0.005955 0.01166829 -0.07153146
v 0.005968 -0.02943271 -0.11429346
v 0.005975 -0.01603971 -0.10205746
v 0.005989 0.02572929 -0.11236446
v 0.005997 -0.02215271 -0.11690346
v 0.006001 -0.00879771 -0.06511546
v 0.006001 0.01241229 -0.06656646
v 0.006005 0.00493029 -0.09502046
v 0.006008 -0.04254171 -0.11406246
v 0.006009 0.03064029 -0.08945646
v 0.006009 0.03927829 -0.05140246
v 0.006015 -0.02732671 -0.11394946
v 0.006034 -0.01998571 -0.10631446
v 0.006038 -0.02420571 -0.11909146
v 0.006044 0.02715929 -0.09256146
v 0.006065 0.04000729 -0.05905946
v 0.00607 0.01397629 -0.08166246
v 0.006077 0.01598329 -0.07756746
v 0.006079 -0.02679371 -0.11737646
v 0.00608 -0.01682971 -0.11488246
v 0.006108 -0.02676971 -0.11842846
v 0.006109 0.00099629 -0.11655446
v 0.006122 -0.01483371 -0.10992246
v 0.006128 -0.02445471 -0.11677046
v 0.006135 -0.02511171 -0.11455846
v 0.006149 -0.01945171 -0.11426846
v 0.006151 0.00832729 -0.07934846
v 0.006158 -0.02125571 -0.11479546
v 0.006161 -0.03563571 -0.11546546
v 0.006172 0.00535829 -0.10683246
v 0.006177 0.00751229 -0.09243646
v 0.006191 0.02921429 -0.11314046
v 0.006194 0.00626129 -0.10088646
v 0.006196 0.02314029 -0.06711046
v 0.006197 0.01744129 -0.11323646
v 0.006199 -0.01811671 -0.11725946
v 0.006205 0.01168129 -0.07647646
v 0.006215 -0.02011871 -0.10529246
v 0.006219 0.04346229 -0.11264446
v 0.006223 0.01337029 -0.06094546
v 0.006233 0.03410329 -0.08581346
v 0.006237 -0.06075871 -0.10428446
v 0.006253 -0.02198471 -0.11779346
v 0.006258 -0.02196471 -0.11881146
v 0.006269 0.00629129 -0.08805146
v 0.006271 -0.02720071 -0.11657846
v 0.006289 0.03118129 -0.11345046
v 0.00629 -0.00025171 -0.11011246
v 0.006321 -0.01400371 -0.08594746
v 0.006322 -0.01584071 -0.08227946
v 0.006324 0.00657729 -0.09953546
v 0.006326 -0.01008371 -0.07090746
v 0.00634 0.00509129 -0.09597246
v 0.006352 0.02733329 -0.11305046
v 0.006373 -0.00789971 -0.05776246
v 0.006397 0.01269129 -0.09024546
v 0.006418 -0.02437371 -0.11763246
v 0.006423 -0.01646671 -0.10329646
v 0.006472 0.01562829 -0.09428246
v 0.006488 0.00882529 -0.07859846
v 0.00649 -0.02427471 -0.11866046
v 0.006492 0.04149429 -0.07690646
v 0.006494 -0.01417971 -0.08495346
v 0.006507 0.04370129 -0.06822346
v 0.006508 -0.05349171 -0.10963846
v 0.006508 0.02300029 -0.06541346
v 0.006509 0.00929529 -0.08533146
v 0.006514 -0.00898271 -0.11840046
v 0.006517 0.00777629 -0.09131446
v 0.006533 -0.01725871 -0.09072046
v 0.006533 0.02463029 -0.05318446
v 0.006556 0.02448029 -0.07022546
v 0.006557 0.01303929 -0.06822346
v 0.006562 -0.01622171 -0.08112246
v 0.006565 0.01375629 -0.05719246
v 0.006569 0.00579729 -0.06022446
v 0.006576 -0.01194671 -0.06656146
v 0.006577 0.02583229 -0.09272146
v 0.006605 0.00657329 -0.08703946
v 0.006622 -0.01055871 -0.07887046
v 0.006626 0.02832829 -0.09078246
v 0.006638 0.04029329 -0.05993846
v 0.006639 -0.01023971 -0.07013846
v 0.006654 0.04155029 -0.11339846
v 0.006672 0.00397529 -0.10296946
v 0.006693 -0.01376871 -0.11000546
v 0.006713 -0.00827171 -0.05867746
v 0.006721 0.02297429 -0.06363746
v 0.006735 0.01304429 -0.06904146
v 0.006737 -0.01041971 -0.07767346
v 0.00674 -0.00131271 -0.11018046
v 0.006741 -0.01374471 -0.07460046
v 0.006746 0.04287729 -0.07267846
v 0.006748 -0.00805371 -0.05551146
v 0.006751 0.03170429 -0.08744446
v 0.006777 0.02301929 -0.06083846
v 0.006779 -0.00760971 -0.06439246
v 0.006784 0.01377229 -0.06241046
v 0.006793 0.04075529 -0.05532346
v 0.006794 -0.01023271 -0.06005446
v 0.006811 -0.00108271 -0.05959446
v 0.006817 -0.01756871 -0.08967646
v 0.006845 0.02302629 -0.06197146
v 0.006857 0.00397829 -0.10422046
v 0.006867 0.00975829 -0.08434946
v 0.006885 -0.01046171 -0.06099346
v 0.006889 0.02478129 -0.09286946
v 0.006892 0.01370029 -0.06357946
v 0.006893 0.09804229 -0.06256546
v 0.006899 0.03587529 -0.08355346
v 0.006939 0.01345529 -0.08596346
v 0.006948 -0.04369471 -0.11454246
v 0.006955 -0.01554571 -0.09452246
v 0.006965 -0.01314371 -0.08599846
v 0.006987 0.01949429 -0.07398446
v 0.007012 -0.00812871 -0.06507346
v 0.007014 0.02411429 -0.06873846
v 0.007018 0.01670729 -0.09412846
v 0.007043 0.02364829 -0.05733146
v 0.007045 -0.03683871 -0.11668746
v 0.007054 -0.07244571 -0.08993746
v 0.007055 -0.00744071 -0.05781546
v 0.007066 -0.01271671 -0.11008346
v 0.00708 0.03820529 -0.05132446
v 0.00709 -0.01273371 -0.06734046
v 0.007095 -0.01601971 -0.10179946
v 0.007104 -0.02800571 -0.11851346
v 0.007104 0.03796629 -0.11496646
v 0.00711 -0.01798771 -0.11906846
v 0.007116 -0.00249871 -0.11021646
v 0.007131 0.02352429 -0.07130746
v 0.007143 0.00378729 -0.10800646
v 0.007161 0.02367929 -0.09298546
v 0.007166 -0.01839371 -0.09874546
v 0.007166 0.03347629 -0.11532646
v 0.007173 0.02728129 -0.09075646
v 0.007201 0.02913929 -0.08920546
v 0.007206 0.01372029 -0.09040846
v 0.007243 0.03896329 -0.05900146
v 0.007251 -0.01335071 -0.08495446
v 0.007262 -0.01856371 -0.09737246
v 0.007267 -0.01600871 -0.09510446
v 0.007271 0.00542729 -0.08812046
v 0.007294 0.01493229 -0.08208346
v 0.007308 0.00127129 -0.05978146
v 0.007323 0.04259229 -0.06348146
v 0.007332 0.02240129 -0.09323146
v 0.007333 0.01698429 -0.07794846
v 0.007338 -0.01178871 -0.11013146
v 0.00734 -0.01445871 -0.07365046
v 0.007341 0.00738129 -0.07938146
v 0.007363 0.03592229 -0.11578146
v 0.007369 -0.01915071 -0.10642646
v 0.007385 0.01801929 -0.09394746
v 0.007387 -0.01596571 -0.10314846
v 0.007387 0.01022629 -0.07193546
v 0.007408 0.02393429 -0.06709246
v 0.007409 -0.00970971 -0.07083246
v 0.007417 -0.00361571 -0.11022146
v 0.00742 0.01143429 -0.06576846
v 0.007425 -0.00777371 -0.05874746
v 0.007435 0.02565129 -0.05290946
v 0.007438 0.01193929 -0.05965546
v 0.007453 0.03307629 -0.08522446
v 0.007455 -0.00750671 -0.05557146
v 0.007481 0.01130229 -0.06650946
v 0.007481 0.02100929 -0.09342146
v 0.007486 0.00682229 -0.09235446
v 0.0075 0.03862129 -0.07968346
v 0.007505 -0.01090371 -0.11017346
v 0.00752 0.00563429 -0.10050946
v 0.007535 -0.00979071 -0.07883246
v 0.007538 0.03759329 -0.08092846
v 0.007539 -0.01533871 -0.08235346
v 0.007547 -0.01135471 -0.06652846
v 0.007556 0.01941829 -0.09364446
v 0.007571 0.02518529 -0.07050346
v 0.007595 0.00779729 -0.07841746
v 0.007612 -0.00465271 -0.11022446
v 0.007615 -0.01228171 -0.08607746
v 0.007631 -0.01007671 -0.11020146
v 0.007632 -0.00701271 -0.06429646
v 0.007634 0.00593829 -0.09915346
v 0.007641 0.00261829 -0.10290446
v 0.007644 -0.00667071 -0.05805546
v 0.007648 -0.01927871 -0.10534546
v 0.007658 0.01060129 -0.07128846
v 0.007662 -0.01293671 -0.07474246
v 0.007665 -0.00997671 -0.07010446
v 0.007691 0.02389429 -0.06530846
v 0.007698 0.01045229 -0.07703546
v 0.007706 0.03903229 -0.05989146
v 0.007707 0.00568529 -0.08707746
v 0.007714 0.00440929 -0.10686546
v 0.00772 -0.00964371 -0.07764346
v 0.007735 0.01208429 -0.06086346
v 0.007738 -0.00913571 -0.11021846
v 0.007755 -0.00572971 -0.11022546
v 0.007763 0.00224429 -0.11628746
v 0.007764 -0.00704371 -0.05753746
v 0.007784 0.00696429 -0.09118746
v 0.007808 0.03048229 -0.08701146
v 0.007814 -0.00809671 -0.11025646
v 0.007829 -0.00689571 -0.11025146
v 0.00783 0.02570629 -0.09066446
v 0.007852 0.01485229 -0.09048946
v 0.007856 0.02801629 -0.08901546
v 0.007864 0.02394629 -0.06346146
v 0.007867 0.01458329 -0.08633446
v 0.00787 -0.00949971 -0.06018346
v 0.00787 0.00407229 -0.09524346
v 0.007876 0.02400229 -0.06062146
v 0.007904 -0.01571271 -0.08124746
v 0.007921 -0.01662971 -0.09086446
v 0.007921 0.00267729 -0.10415346
v 0.007933 -0.00748371 -0.06500546
v 0.007945 0.02894029 -0.11510246
v 0.007947 0.02402129 -0.06170146
v 0.007983 -0.00968071 -0.06109946
v 0.008 0.01083929 -0.07602046
v 0.008013 0.02443729 -0.11443046
v 0.008015 -0.01245371 -0.08497246
v 0.008019 0.04015629 -0.07600746
v 0.008029 0.03687229 -0.05132646
v 0.008029 0.09897329 0.00172454
v 0.00805 0.02496929 -0.06888546
v 0.008053 0.02094229 -0.11448446
v 0.008062 0.03952729 -0.05533646
v 0.008106 0.02424829 -0.07172646
v 0.00811 0.03477029 -0.08272746
v 0.00813 -0.01683971 -0.08974546
v 0.008131 -0.01219571 -0.06733946
v 0.008135 0.02470329 -0.05702146
v 0.008136 0.04234329 -0.06779246
v 0.008139 0.02048029 -0.07457246
v 0.008145 -0.01532471 -0.10291346
v 0.008146 -0.01572071 -0.10172346
v 0.008149 0.01238629 -0.05716546
v 0.008159 0.02454029 -0.09067146
v 0.008169 -0.01518571 -0.09460346
v 0.008172 -0.00708671 -0.05893146
v 0.008181 -0.00707771 -0.05563646
v 0.008195 0.02678729 -0.05264946
v 0.008214 0.00615929 -0.07941446
v 0.008222 0.00414329 -0.09616846
v 0.008227 0.00839429 -0.08526046
v 0.008231 -0.00578471 -0.05835946
v 0.008238 0.04140229 -0.07200046
v 0.008295 0.03772629 -0.05903046
v 0.00832 0.01168329 -0.06811746
v 0.008336 0.01610029 -0.08254946
v 0.008346 0.01611729 -0.09052846
v 0.008367 0.01757729 -0.05597046
v 0.008385 0.01812329 -0.07845246
v 0.008392 0.00422829 -0.08817146
v 0.008399 -0.01365271 -0.07379346
v 0.008405 0.01086329 -0.11481346
v 0.008412 0.01248429 -0.06241646
v 0.008414 -0.00827171 -0.11815046
v 0.008416 0.01062829 -0.05957546
v 0.008424 0.02599129 -0.07080846
v 0.008431 -0.01563471 -0.09520046
v 0.008436 0.00274629 -0.10801046
v 0.008439 0.03133329 -0.11618946
v 0.008445 -0.01795871 -0.09766246
v 0.008449 0.01231929 -0.06356246
v 0.008454 0.00647129 -0.07830646
v 0.008457 -0.01815271 -0.10651646
v 0.008457 0.03186829 -0.08457946
v 0.008459 0.02488429 -0.06712746
v 0.008466 -0.00910371 -0.07055146
v 0.008472 0.02318229 -0.09063146
v 0.008484 -0.01788171 -0.09885846
v 0.008497 -0.01134171 -0.08613246
v 0.008511 -0.01075371 -0.06643046
v 0.008537 0.00135729 -0.10303246
v 0.008564 -0.00637271 -0.06407046
v 0.008565 0.01168429 -0.06892746
v 0.008566 0.01575529 -0.08664146
v 0.008592 0.02923229 -0.08658846
v 0.008595 0.02631229 -0.08871746
v 0.008619 0.00316929 -0.09532946
v 0.008633 0.03648629 -0.07995846
v 0.008637 0.03749129 -0.07869146
v 0.008649 -0.01453071 -0.08246346
v 0.00866 0.01741829 -0.09058546
v 0.008661 -0.00499771 -0.05846046
v 0.008673 0.02172129 -0.09068846
v 0.008688 -0.01210971 -0.07478646
v 0.008689 -0.00934171 -0.06989246
v 0.008699 -0.00880771 -0.05997246
v 0.008712 0.02495029 -0.06524246
v 0.008724 0.03783629 -0.05995146
v 0.008738 0.04117929 -0.06331346
v 0.008747 0.00880029 -0.08412946
v 0.008754 0.02796829 -0.05241146
v 0.008757 0.00935329 -0.07145646
v 0.008767 0.00437829 -0.08711446
v 0.00877 -0.00628471 -0.05917046
v 0.00877 0.03528329 -0.05146346
v 0.008772 0.01082029 -0.06083746
v 0.0088 -0.00684271 -0.06489646
v 0.008803 0.02038229 -0.09068246
v 0.008808 0.01877229 -0.09064646
v 0.008832 0.02513529 -0.07212446
v 0.008833 -0.00651671 -0.05574646
v 0.008849 -0.01830571 -0.10538946
v 0.008877 0.02509429 -0.06329846
v 0.008895 -0.01148071 -0.08501746
v 0.0089 -0.01452371 -0.09475746
v 0.008902 0.00319329 -0.09631246
v 0.008904 0.02595629 -0.06908946
v 0.008909 -0.00901371 -0.06095246
v 0.008917 0.00144629 -0.10432946
v 0.008923 0.00596129 -0.09223546
v 0.008952 0.01044929 -0.06568146
v 0.008984 0.02512629 -0.08848246
v 0.008987 0.02622029 -0.11560446
v 0.008988 0.02531529 -0.06042546
v 0.008994 -0.00906371 -0.07860046
v 0.009008 0.00413429 -0.10013946
v 0.009015 0.02529129 -0.06139846
v 0.009019 -0.01582171 -0.09087946
v 0.009022 0.01030029 -0.06638946
v 0.00903 0.00963229 -0.07084246
v 0.009038 0.02589729 -0.05674446
v 0.009042 0.00949129 -0.07680646
v 0.009043 -0.01156471 -0.06736046
v 0.009047 0.02154029 -0.07510546
v 0.009052 0.03353829 -0.08184446
v 0.009055 0.01729329 -0.08293846
v 0.009065 -0.01436771 -0.10297446
v 0.009077 0.04764029 -0.11527546
v 0.009092 0.00614329 -0.09117846
v 0.009101 -0.00563771 -0.06399546
v 0.009109 0.03807029 -0.05539646
v 0.009122 0.01709929 -0.08696446
v 0.009143 0.02921329 -0.05224946
v 0.009146 -0.01498871 -0.08137646
v 0.009149 0.03872529 -0.07508746
v 0.009153 0.00329229 -0.10682546
v 0.00916 -0.01495871 -0.09532446
v 0.009169 -0.00880371 -0.07757146
v 0.009171 -0.00794471 -0.07044646
v 0.009182 0.00494729 -0.07933646
v 0.009202 0.01929229 -0.07897746
v 0.009217 0.03061029 -0.08395946
v 0.009219 0.00168129 -0.09572846
v 0.009222 0.02785129 -0.08617246
v 0.009224 0.03356629 -0.05170246
v 0.009231 -0.01602471 -0.08981646
v 0.009232 0.03640529 -0.05902346
v 0.009234 0.00311029 -0.08816546
v 0.009248 0.02694029 -0.07122846
v 0.009256 -0.01463171 -0.10169646
v 0.009261 0.01094029 -0.05710146
v 0.009278 -0.00530971 -0.05926146
v 0.00929 0.00441629 -0.09869846
v 0.009317 0.02376029 -0.08823146
v 0.00933 0.00928329 -0.05946446
v 0.009331 0.03045429 -0.05209146
v 0.009334 0.02596229 -0.06722846
v 0.009353 -0.00822271 -0.06980446
v 0.009361 0.00796129 -0.07119846
v 0.009372 0.03208129 -0.05189646
v 0.009376 -0.00401271 -0.05834846
v 0.009385 0.03979929 -0.07132946
v 0.00939 0.00368329 -0.11614646
v 0.009396 -0.01721171 -0.09766246
v 0.009396 -0.00603171 -0.06487146
v 0.00942 -0.00579271 -0.05587646
v 0.00944 0.01001329 -0.07572246
v 0.009442 0.04078529 -0.06737246
v 0.009445 0.00515529 -0.07826346
v 0.009448 -0.01724271 -0.09874646
v 0.009449 -0.01278571 -0.07378846
v 0.009453 0.04143229 -0.11574946
v 0.00946 0.03537529 -0.07892346
v 0.009466 -0.01701071 -0.10664446
v 0.009474 -0.01039471 -0.08631446
v 0.00948 0.01841729 -0.08721746
v 0.009542 0.02242029 -0.08797446
v 0.009552 0.02610829 -0.06522946
v 0.009553 0.00151929 -0.10810846
v 0.009555 0.00719629 -0.08515146
v 0.009579 0.00182129 -0.09666446
v 0.009595 -0.00996171 -0.06647146
v 0.009597 -0.01352071 -0.09471346
v 0.009607 0.00817229 -0.07057946
v 0.009617 -0.01356971 -0.08259046
v 0.009618 -0.01754971 -0.11887346
v 0.009619 -0.01341071 -0.10314846
v 0.009619 0.01971029 -0.08750846
v 0.009627 0.01867729 -0.08337646
v 0.009631 0.00021029 -0.10298746
v 0.009638 0.02109929 -0.08775046
v 0.009658 0.02701929 -0.06938746
v 0.00966 0.02656129 -0.08579146
v 0.009672 0.02630229 -0.06316246
v 0.009674 0.03629529 -0.07709246
v 0.009679 0.00065229 -0.09579246
v 0.00968 0.03647029 -0.06011646
v 0.009683 -0.00681071 -0.07042446
v 0.009696 0.00318629 -0.08704146
v 0.009719 -0.00808271 -0.06017746
v 0.009724 0.00938529 -0.06072846
v 0.009728 0.02656029 -0.06016146
v 0.009737 0.00295529 -0.10017646
v 0.009742 -0.01358871 -0.10173846
v 0.009745 0.02649729 -0.06107046
v 0.009756 0.02631129 -0.07277446
v 0.009762 0.02721129 -0.05654646
v 0.009765 0.03223829 -0.08101046
v 0.009777 0.02267729 -0.07568646
v 0.009779 0.02936329 -0.08341146
v 0.009791 -0.01113171 -0.07484646
v 0.009807 -0.01046771 -0.08515746
v 0.009812 0.01137229 -0.06226646
v 0.009815 -0.00815571 -0.06106746
v 0.009825 -0.01521671 -0.09096246
v 0.009844 0.02055729 -0.07952846
v 0.009853 0.03959729 -0.06317746
v 0.009859 0.00451229 -0.11621846
v 0.009871 0.01060129 -0.06802946
v 0.009886 0.01093929 -0.11600046
v 0.009894 -0.01058671 -0.06751946
v 0.0099 -0.01399571 -0.09536546
v 0.009904 0.02793229 -0.07171346
v 0.009936 0.03642629 -0.05551446
v 0.009967 -0.00740871 -0.11779146
v 0.009976 0.02525729 -0.08541046
v 0.009983 -0.01719671 -0.10549746
v 0.009983 -0.00704271 -0.06981246
v 0.009988 0.01999929 -0.08380046
v 0.009992 0.00025929 -0.10432146
v 0.009999 -0.00474371 -0.06389646
v 0.010004 0.01131529 -0.06353946
v 0.010021 0.00811329 -0.07656246
v 0.010026 -0.01221271 -0.09441146
v 0.010028 -0.00324971 -0.05811646
v 0.010032 0.03726529 -0.07409246
v 0.010036 0.03470429 -0.05900746
v 0.010059 -0.01540371 -0.08991446
v 0.010064 0.00342029 -0.09892246
v 0.010067 0.02711829 -0.06740646
v 0.010072 -0.00414071 -0.05927846
v 0.010077 -0.00822271 -0.07739146
v 0.010081 0.00954529 -0.05717946
v 0.010091 0.00069729 -0.09684446
v 0.0101 -0.00997271 -0.05353446
v 0.0101 -0.00846371 -0.07843046
v 0.010105 0.01057029 -0.06884446
v 0.010117 -0.00501071 -0.06486146
v 0.010132 0.00754629 -0.08406346
v 0.010142 0.00484829 -0.09211146
v 0.01015 -0.00462671 -0.05602546
v 0.010164 -0.01643471 -0.09767846
v 0.010164 0.02398629 -0.08503446
v 0.010178 0.00908529 -0.06613946
v 0.01018 0.02816929 -0.08289746
v 0.010181 0.02131629 -0.08421846
v 0.010183 -0.00954671 -0.08645846
v 0.010185 0.03400029 -0.07789046
v 0.010203 0.00815429 -0.05906746
v 0.01022 0.00925429 -0.06544946
v 0.010222 -0.01399771 -0.08148646
v 0.010234 0.02266229 -0.08463246
v 0.010236 0.02733929 -0.06528146
v 0.010239 0.03110929 -0.08036046
v 0.01026 0.02855729 -0.05634246
v 0.010269 0.02814929 -0.06976946
v 0.010278 0.02721929 -0.07335146
v 0.010284 0.00500829 -0.09108546
v 0.010288 0.02184229 -0.08009546
v 0.010303 0.03818529 -0.07070646
v 0.010306 -0.01575471 -0.10685046
v 0.010308 0.02791529 -0.06002146
v 0.010312 -0.02753571 -0.11806546
v 0.010322 0.02757629 -0.06309946
v 0.010343 0.00812729 -0.06023546
v 0.01035 0.02782229 -0.06090246
v 0.010358 0.02391929 -0.07634946
v 0.010363 -0.01661571 -0.09869646
v 0.010376 0.03495529 -0.07594646
v 0.01038 -0.00730371 -0.06012846
v 0.010385 0.00202729 -0.10687946
v 0.01039 0.00366529 -0.07916346
v 0.010391 -0.01270871 -0.09506846
v 0.010392 -0.00032771 -0.09563546
v 0.010397 0.03338529 -0.05908146
v 0.010416 0.00654429 -0.07111146
v 0.010427 0.02903829 -0.07228546
v 0.010434 0.03911429 -0.06700246
v 0.010439 -0.01089471 -0.09442746
v 0.010441 0.00191929 -0.08806646
v 0.010472 -0.00949671 -0.08539746
v 0.010472 0.02695229 -0.08235846
v 0.010488 -0.00730471 -0.06107346
v 0.010491 -0.00911471 -0.06663546
v 0.010518 -0.01242671 -0.10200146
v 0.010521 0.03457629 -0.05566746
v 0.010532 -0.01233771 -0.10341546
v 0.010546 0.02312129 -0.08065446
v 0.010547 0.00189029 -0.10010446
v 0.010554 -0.01250671 -0.08278246
v 0.010555 -0.01173171 -0.07380946
v 0.010557 0.00385229 -0.07814746
v 0.010558 0.00671729 -0.07044046
v 0.01057 -0.00598171 -0.07034646
v 0.010571 0.00872729 -0.07554546
v 0.010575 -0.00318671 -0.05915546
v 0.010581 0.03006829 -0.07976346
v 0.010585 0.03477429 -0.06048646
v 0.010586 -0.00357071 -0.05617646
v 0.010592 0.00018729 -0.10806446
v 0.010597 0.03001129 -0.05619346
v 0.010607 -0.00210771 -0.05824246
v 0.010623 -0.00396071 -0.06488546
v 0.010625 0.00807329 -0.05880146
v 0.010634 0.03279929 -0.07714046
v 0.010637 0.02571329 -0.08180446
v 0.010646 0.02834529 -0.06766346
v 0.010653 -0.00072071 -0.10275546
v 0.01066 -0.00378271 -0.06393946
v 0.010661 0.03195929 -0.05934546
v 0.010666 0.00762729 -0.06574946
v 0.010668 0.02441929 -0.08122146
v 0.010676 0.02846829 -0.07399946
v 0.010677 0.03795229 -0.06312846
v 0.010686 0.03581429 -0.07326246
v 0.010687 0.02919329 -0.05978646
v 0.010697 -0.00742471 -0.07735346
v 0.010698 -0.00960571 -0.06773846
v 0.010708 0.09515329 0.02446154
v 0.010711 0.02509229 -0.07697846
v 0.010712 0.00777429 -0.06504746
v 0.010729 -0.00042171 -0.09667146
v 0.01073 0.00669429 -0.05890446
v 0.010738 0.03019029 -0.07301046
v 0.010739 -0.04386071 -0.11363346
v 0.010742 0.02908029 -0.06067746
v 0.010743 0.03302629 -0.05580646
v 0.010746 0.03137229 -0.05599846
v 0.010756 0.02933929 -0.07023846
v 0.010778 -0.01138371 -0.09506546
v 0.010792 0.00914429 -0.06787146
v 0.010793 0.03078229 -0.05965946
v 0.010795 0.03370429 -0.07521846
v 0.010796 0.00821429 -0.05714646
v 0.010796 0.02861829 -0.06539246
v 0.0108 -0.00760871 -0.07842846
v 0.010802 -0.01432171 -0.09116346
v 0.010806 0.00239529 -0.09900646
v 0.010808 -0.00300871 -0.05803446
v 0.010809 -0.01019471 -0.07493846
v 0.01083 0.00192229 -0.08707646
v 0.01083 0.00977429 -0.06231046
v 0.010835 0.00574429 -0.08509846
v 0.010835 0.02887729 -0.06306546
v 0.01084 0.02890329 -0.07907146
v 0.010845 0.00904929 -0.06871246
v 0.010859 0.03184429 -0.07647246
v 0.010864 0.02955629 -0.07485346
v 0.010883 -0.00620771 -0.06977746
v 0.010887 -0.00087471 -0.10419746
v 0.010888 0.00973329 -0.06357546
v 0.010901 0.03137429 -0.07386246
v 0.010912 0.03050329 -0.07544546
v 0.01092 0.02635729 -0.07763146
v 0.010924 0.03338329 -0.06055646
v 0.010937 0.03260629 -0.07467746
v 0.010943 -0.05295371 -0.10854046
v 0.010946 -0.01454471 -0.10699046
v 0.010959 0.00670029 -0.05999046
v 0.010959 0.02766529 -0.07837546
v 0.010967 0.03658529 -0.07020146
v 0.010987 -0.01599171 -0.10560146
v 0.010996 -0.00241771 -0.05651746
v 0.010997 0.03066929 -0.06060346
v 0.010998 -0.00602171 -0.06014146
v 0.011001 -0.00305971 -0.06483146
v 0.011019 -0.00829071 -0.08676146
v 0.011022 0.03189929 -0.06053346
v 0.011025 -0.01448471 -0.09003746
v 0.011035 -0.01561071 -0.09795246
v 0.011051 -0.00035071 -0.05850946
v 0.011053 0.00663429 -0.07644946
v 0.011074 0.00324729 -0.09228246
v 0.011074 0.02963029 -0.06799846
v 0.011078 0.00596329 -0.06551746
v 0.011089 0.00074829 -0.08792946
v 0.011093 -0.00289171 -0.06399846
v 0.011096 0.03740729 -0.06671146
v 0.0111 -0.00816971 -0.08568646
v 0.011102 -0.00188171 -0.06440246
v 0.011106 0.03443229 -0.07264846
v 0.011108 0.00606929 -0.06482246
v 0.01111 0.03055929 -0.07080946
v 0.011111 -0.01561671 -0.09897646
v 0.011131 -0.00205071 -0.06511246
v 0.011132 0.00669729 -0.05708446
v 0.011133 -0.00209571 -0.05920746
v 0.011138 -0.01158471 -0.10241446
v 0.011188 -0.01291471 -0.08167046
v 0.011201 -0.00491071 -0.07045146
v 0.011202 0.02995729 -0.06556446
v 0.011206 -0.00974471 -0.09443946
v 0.011212 0.03028229 -0.06309146
v 0.01122 0.03631029 -0.06312146
v 0.011236 0.00115929 -0.05888646
v 0.011238 0.00247429 -0.07835146
v 0.011243 -0.01156971 -0.10372946
v 0.011275 0.00249029 -0.07931346
v 0.011279 -0.00074671 -0.06470946
v 0.011286 -0.00610371 -0.06101046
v 0.011293 0.03182229 -0.07146946
v 0.011299 -0.00629171 -0.07751146
v 0.011299 0.03313729 -0.07213246
v 0.011313 -0.00651871 -0.07845646
v 0.011314 0.00836529 -0.06192946
v 0.011344 -0.00382771 -0.07066646
v 0.011348 -0.00084271 -0.08783846
v 0.01136 -0.00653671 -0.11737446
v 0.011364 0.00072729 -0.08687146
v 0.011364 0.00760729 -0.06753846
v 0.011369 0.03507029 -0.06974146
v 0.011378 -0.00144271 -0.10798146
v 0.011379 0.03092429 -0.06839446
v 0.011395 -0.00224671 -0.10282946
v 0.011399 0.00056029 -0.10015446
v 0.0114 -0.00091971 -0.06535846
v 0.011408 0.00350629 -0.09119546
v 0.011412 -0.01343071 -0.10708146
v 0.011432 -0.01075571 -0.07391346
v 0.011437 -0.00156171 -0.09548546
v 0.011445 -0.00813671 -0.06691546
v 0.011454 0.03163829 -0.06312246
v 0.011458 0.00053729 -0.10674346
v 0.011458 0.00258729 -0.05892646
v 0.01146 -0.00070771 -0.05660046
v 0.011463 -0.05889371 -0.10352046
v 0.011463 0.00461529 -0.06482746
v 0.011464 0.00747729 -0.06838346
v 0.011467 -0.00507471 -0.06980846
v 0.011468 -0.01010371 -0.09506546
v 0.011472 0.00511529 -0.07122746
v 0.011472 0.03131129 -0.06577646
v 0.011474 -0.00030371 -0.05948246
v 0.011486 0.03576129 -0.06646546
v 0.011488 0.00445229 -0.06548346
v 0.011492 -0.00840271 -0.06805046
v 0.011496 0.00612829 -0.08402246
v 0.011501 0.00826329 -0.06301846
v 0.011508 -0.00248671 -0.10419146
v 0.011521 0.03460429 -0.06319146
v 0.011525 -0.00524371 -0.08764746
v 0.01153 -0.00676671 -0.08619746
v 0.011531 -0.00217271 -0.08778546
v 0.011541 -0.08801971 -0.04995946
v 0.011546 0.03225129 -0.06884346
v 0.011549 0.03363729 -0.06931646
v 0.01155 0.00506829 -0.05876446
v 0.011552 -0.01127671 -0.08297246
v 0.011574 0.03309529 -0.06316046
v 0.011582 -0.01086071 -0.10255146
v 0.011589 -0.00086171 -0.08670646
v 0.01159 -0.00288471 -0.07082846
v 0.011593 -0.00528471 -0.08647946
v 0.011619 0.00054629 -0.06472246
v 0.011622 0.00091629 -0.05683446
v 0.011626 -0.00396571 -0.06987146
v 0.011628 0.03271429 -0.06601246
v 0.011641 -0.00352871 -0.08771446
v 0.011648 0.03418529 -0.06625146
v 0.011649 -0.00285771 -0.06999846
v 0.011659 -0.01483671 -0.10556046
v 0.011668 -0.00686271 -0.08732746
v 0.011669 0.00720529 -0.07540946
v 0.011671 0.00524429 -0.07050646
v 0.011677 0.00100529 -0.09922246
v 0.01168 -0.01085771 -0.10389746
v 0.011704 -0.01299571 -0.09137646
v 0.011708 0.00187329 -0.09230146
v 0.011716 0.00114929 -0.05982746
v 0.011734 0.00372729 -0.05879046
v 0.011736 0.00038129 -0.06537946
v 0.011745 -0.00382271 -0.10285746
v 0.011745 -0.00181471 -0.09627346
v 0.01175 0.00237029 -0.05683846
v 0.011757 -0.01422071 -0.09790846
v 0.011758 -0.00868271 -0.10254146
v 0.011759 0.00495529 -0.05698146
v 0.011761 0.00503129 -0.05976446
v 0.01177 -0.00753871 -0.10267646
v 0.01178 -0.00903571 -0.07506446
v 0.011784 -0.00234171 -0.08663646
v 0.011785 -0.01227871 -0.10723946
v 0.011785 0.00095329 -0.05841746
v 0.011819 0.00159529 -0.07834246
v 0.011833 -0.00358471 -0.08662246
v 0.011834 -0.00468671 -0.06033346
v 0.01184 0.00358429 -0.05690146
v 0.011849 -0.00565271 -0.10290446
v 0.011862 -0.00504371 -0.07755146
v 0.011864 -0.00401471 -0.10418046
v 0.011866 -0.00971271 -0.10234446
v 0.011875 -0.00318971 -0.10787546
v 0.011889 0.00376929 -0.07112246
v 0.01189 0.00255429 -0.05987746
v 0.011902 0.00183029 -0.06466146
v 0.011915 -0.00520571 -0.07846146
v 0.011924 0.00301929 -0.06467546
v 0.011926 0.00287629 -0.06535446
v 0.011935 -0.01396271 -0.09936246
v 0.011937 -0.00467171 -0.06126846
v 0.011939 -0.00981571 -0.10386946
v 0.01194 0.00150629 -0.07922446
v 0.011942 0.00165329 -0.06532146
v 0.012015 -0.00188471 -0.07084346
v 0.012016 -0.01315471 -0.09022546
v 0.012033 -0.00173671 -0.07017246
v 0.012038 0.00373329 -0.05975046
v 0.01204 0.00209629 -0.09118446
v 0.012046 -0.00873371 -0.10396546
v 0.012046 0.00430629 -0.08494846
v 0.012073 7.329e-05 -0.07821346
v 0.012074 -0.00862071 -0.09476246
v 0.012076 -0.00743871 -0.10409046
v 0.012086 -0.00567371 -0.10427146
v 0.012109 -0.01133171 -0.10730146
v 0.012115 -0.00689671 -0.06695346
v 0.012122 0.00684929 -0.06158046
v 0.012136 0.00511329 -0.07642546
v 0.012138 0.00591629 -0.06742346
v 0.012159 0.00216729 -0.07097246
v 0.012166 -0.00457671 -0.10781246
v 0.012172 -0.00425271 -0.07749246
v 0.012174 -0.01160871 -0.08183446
v 0.012181 -0.00299971 -0.09545046
v 0.012195 -0.00094871 -0.10020146
v 0.012198 -4.071e-05 -0.07907346
v 0.012203 -0.00721071 -0.06801346
v 0.012203 0.00394829 -0.07040146
v 0.012211 -0.01368271 -0.10562046
v 0.012212 0.00087029 -0.07101846
v 0.012246 -0.01002471 -0.08320446
v 0.012252 -0.00891371 -0.09535446
v 0.012265 -0.00425571 -0.07850246
v 0.012266 -0.00136271 -0.07794546
v 0.012266 -0.00134271 -0.07894046
v 0.012276 -0.00355271 -0.06025446
v 0.012284 -0.00121871 -0.10658646
v 0.01229 -0.01013571 -0.10744546
v 0.012291 -0.00036871 -0.07104746
v 0.012308 0.00093629 -0.07030746
v 0.012316 -0.00932571 -0.07400446
v 0.012321 -0.00308871 -0.07770346
v 0.012321 -0.00038171 -0.07030546
v 0.012323 -0.00552571 -0.06684446
v 0.012343 -0.00038871 -0.09912446
v 0.012359 0.00670229 -0.06256946
v 0.012382 -0.00298371 -0.07870446
v 0.012394 -0.00877171 -0.10757146
v 0.012413 -0.00787571 -0.07512046
v 0.012417 0.00580729 -0.06831946
v 0.012418 -0.01270471 -0.09784346
v 0.012425 -0.00599771 -0.10773146
v 0.012426 0.00235929 -0.07029246
v 0.01243 0.10401429 -0.04138846
v 0.012432 -0.00734871 -0.10769146
v 0.012449 -0.00337771 -0.09610446
v 0.012453 0.00029429 -0.09228046
v 0.012486 -0.00338671 -0.06119346
v 0.012522 -0.01135171 -0.09160846
v 0.012542 -0.00581871 -0.06794146
v 0.012572 -0.00398571 -0.06670046
v 0.012644 -0.00705071 -0.09508146
v 0.012656 -0.00515471 -0.09535946
v 0.01266 0.08787329 0.04809854
v 0.012721 0.00446929 -0.06731846
v 0.012728 -0.01257571 -0.10579446
v 0.012736 0.00562629 -0.07541746
v 0.012779 0.00460329 -0.08372146
v 0.012793 -0.01252571 -0.09942446
v 0.01281 0.00514429 -0.06132546
v 0.012819 -0.00218871 -0.06042146
v 0.01283 -0.00838371 -0.08347346
v 0.012842 -0.00731771 -0.09572246
v 0.012842 -0.00429871 -0.06775146
v 0.012861 0.00265429 -0.08488646
v 0.012868 -0.00314371 -0.10654046
v 0.012884 -0.00546571 -0.09602446
v 0.012894 -0.01143471 -0.09044046
v 0.012909 -0.01024571 -0.08212046
v 0.01293 -0.02593371 -0.11710246
v 0.012934 -0.01121171 -0.09774746
v 0.012936 -0.00674871 -0.07514946
v 0.01294 0.00041329 -0.09125446
v 0.012947 -0.00210271 -0.06141146
v 0.012955 -0.00290171 -0.10003946
v 0.013032 0.00340129 -0.07640346
v 0.013042 -0.00805171 -0.07416146
v 0.013055 0.00507129 -0.06220446
v 0.013064 -0.00274771 -0.06668446
v 0.013075 -0.00108871 -0.09217646
v 0.013083 -0.01156071 -0.10593346
v 0.013087 -0.00244271 -0.09871446
v 0.013155 -0.00677471 -0.08367046
v 0.013176 0.00440829 -0.06811646
v 0.013203 -0.06903971 -0.09110146
v 0.013205 0.00365829 -0.06119946
v 0.013232 -0.00468571 -0.10644846
v 0.013254 0.00279729 -0.06730846
v 0.01326 -0.00964271 -0.09780846
v 0.01326 -0.00053071 -0.06071146
v 0.013274 -0.00526371 -0.08383646
v 0.013284 0.00225329 -0.06118346
v 0.013298 -0.01121871 -0.09921946
v 0.0133 -0.01044071 -0.10606446
v 0.013319 0.00110729 -0.08466346
v 0.013333 -0.00556871 -0.07526946
v 0.013338 0.00142029 -0.06721546
v 0.013339 -0.08352071 -0.06222846
v 0.013349 -0.00957271 -0.09179746
v 0.01335 0.00098029 -0.06108246
v 0.013353 -0.00815071 -0.09954446
v 0.013371 -0.00305371 -0.06767046
v 0.013376 -0.00487271 -0.09994746
v 0.013383 -0.00663471 -0.09975646
v 0.013391 -0.00365571 -0.08402746
v 0.013396 0.00350629 -0.06210346
v 0.013408 -4.71e-06 -0.06705546
v 0.01341 -0.00906171 -0.10615946
v 0.013414 0.00199029 -0.07621946
v 0.013429 -0.00140871 -0.06688446
v 0.013441 -0.00968571 -0.09923746
v 0.013448 -0.00434771 -0.09841446
v 0.013482 -0.00059671 -0.06166846
v 0.013485 -0.00618371 -0.10635846
v 0.013513 -0.00786571 -0.09811746
v 0.013513 -0.00764271 -0.10627546
v 0.01353 0.00211829 -0.06201446
v 0.013533 -0.00848071 -0.08246746
v 0.01355 -0.00690871 -0.07425346
v 0.013555 0.00077229 -0.06197446
v 0.013557 -0.00094671 -0.09117746
v 0.013557 0.00290129 -0.08373046
v 0.013577 -0.00046971 -0.08439246
v 0.013582 0.00025329 -0.07608846
v 0.0136 -0.00451471 -0.07536146
v 0.013603 -0.00617971 -0.09826346
v 0.013605 -0.00210671 -0.08414246
v 0.013616 -0.00313371 -0.07567146
v 0.013619 -0.00248371 -0.09216546
v 0.013645 -0.00134871 -0.07587746
v 0.013661 0.07023329 0.08885654
v 0.013667 -0.00178271 -0.06783046
v 0.0137 -0.00946071 -0.09069146
v 0.01373 0.00127529 -0.06812946
v 0.013734 0.00373529 -0.07523346
v 0.013774 -0.09567171 -0.00842246
v 0.013774 -0.00428571 -0.09206546
v 0.013782 -0.00809571 -0.09187646
v 0.013786 -0.00029271 -0.06793946
v 0.013793 0.00274229 -0.06810346
v 0.013812 -0.09240171 -0.03295546
v 0.013839 -0.00680971 -0.08260546
v 0.013848 -0.00625071 -0.09181046
v 0.013848 -0.00577771 -0.07439546
v 0.013907 -0.00239971 -0.09113646
v 0.013942 -0.00319071 -0.07473146
v 0.013971 -0.02315971 -0.11640946
v 0.013991 -0.00458871 -0.07447246
v 0.013993 0.00125729 -0.08349546
v 0.013994 -0.00135371 -0.07489446
v 0.014012 -0.00792371 -0.09072846
v 0.014015 -0.00527371 -0.08264546
v 0.014041 -0.00414971 -0.09110346
v 0.014062 0.00213129 -0.07509546
v 0.01409 -0.00610671 -0.09078146
v 0.014095 0.00032129 -0.07509046
v 0.014104 -0.00366571 -0.08287246
v 0.014308 -0.00033871 -0.08322046
v 0.014317 -0.00202771 -0.08291146
v 0.014399 -0.00461671 -0.05451846
v 0.014495 0.01050929 -0.05581546
v 0.014582 -0.01444371 -0.11501346
v 0.014676 -0.09998471 0.01617254
v 0.014817 -0.07835271 -0.07496046
v 0.015176 -0.05103271 -0.10731346
v 0.015556 0.07652629 0.07789354
v 0.015953 0.00073729 -0.05510846
v 0.015977 -0.02360371 -0.11495846
v 0.016146 -0.10468471 0.03949954
v 0.016745 -0.06770371 -0.09023246
v 0.016906 -0.05614671 -0.10256146
v 0.017699 0.10643429 -0.01728846
v 0.018867 -0.04844271 -0.10600746
v 0.021453 -0.05374171 -0.10080946
v 0.022153 0.10498029 0.00648854
v 0.022471 -0.07584371 -0.07394946
v 0.023012 -0.08659071 -0.05008346
v 0.023292 -0.08138871 -0.06231546
v 0.025223 0.09911629 0.02913654
v 0.026872 -0.09088971 -0.03265146
v 0.027083 -0.06263371 -0.08714146
v 0.027126 0.08935829 0.05116954
v 0.027452 -0.09410371 -0.00767746
v 0.02754 0.07045229 0.08954754
v 0.029304 -0.06508271 -0.09152846
v 0.029627 -0.09854471 0.01752254
v 0.030917 0.07670829 0.07829154
v 0.031919 -0.07234271 -0.07400546
v 0.03278 -0.10308471 0.04139654
v 0.034569 -0.07892371 -0.06246146
v 0.035032 -0.08432471 -0.05206346
v 0.03681 -0.10457871 0.05887254
v 0.037736 0.11148929 -0.03913646
v 0.038076 -0.07490971 -0.07357846
v 0.038538 -0.07741871 -0.06408746
v 0.038746 -0.08874971 -0.03223346
v 0.03996 0.11048629 -0.01314846
v 0.040501 -0.09222771 -0.00720246
v 0.04174 0.10714029 0.01121254
v 0.043294 0.10015029 0.03317654
v 0.043802 0.07034729 0.08948454
v 0.044009 -0.09648471 0.01839154
v 0.044079 0.08951829 0.05368054
v 0.045185 -0.08168971 -0.05477346
v 0.047086 0.07504229 0.07830554
v 0.048961 -0.09984571 0.04222054
v 0.049459 -0.08633671 -0.03195746
v 0.052489 -0.09053471 -0.00706846
v 0.055065 -0.09940871 0.05844754
v 0.056952 -0.09439171 0.01753654
v 0.060353 -0.08521971 -0.03251746
v 0.061458 0.08766029 0.05464454
v 0.061808 0.09694829 0.03561854
v 0.062167 0.06879629 0.08916354
v 0.062514 0.10384229 0.01473754
v 0.062783 0.10860329 -0.00937146
v 0.063573 -0.09662871 0.03990154
v 0.063896 0.07390829 0.07827154
v 0.063921 -0.08890771 -0.00812946
v 0.067978 -0.09192271 0.01472654
v 0.074116 -0.09345271 0.03351454
v 0.074371 0.08467629 0.05377354
v 0.077034 -0.09334871 0.05551754
v 0.078072 0.08972429 0.03842154
v 0.079862 0.06383929 0.09298154
v 0.08002 -0.09079371 0.02713454
v 0.081416 0.09540229 0.01738254
v 0.083049 0.07173029 0.07367654
v 0.092741 0.07891929 0.04442054
v 0.095636 0.05424329 0.09517254
v 0.098493 -0.08305771 0.06517754
v 0.10107 0.05805829 0.07939454
v 0.107531 0.06507629 0.04955154
v 0.114739 0.04186429 0.08167054
v 0.119934 0.04880229 0.05264454
v 0.128418 0.03055329 0.05501454
